Bus Name,Bus Number,Route,All Stoppage,Stoppage Time,Up Time,Down Time,AlternateName,Agency Name,Bus Type,Contact Number,Alternate Number,Depot Name,Destination
ANTARA,WB673279,ANTARA - C,,,,,PRANER TARA,,Private - NON AC,9434313755,9064334320,Chirkunda,Bankura
BISWA BINA,WB29E6062,BISWA BINA - K,,,,,,,Private - NON AC,8167321465,,Kolkata,Garhbeta
HILLTOP SUPER,WB55B6775,HILLTOP SUPER - P,,,,,GOUTAM,GOUTAM TRAVELS,Private - NON AC,,,Purulia,Baghmundi
HILLTOP SUPER,WB55B6775,HILLTOP SUPER - A,,,,,GOUTAM,GOUTAM TRAVELS,Private - NON AC,,,Ajodhya Hills,Purulia
RUPKATHA,WB494546,RUPKATHA - R,,,,,SUMITRA,SUMITRA TRAVELS,Private - NON AC,9064416998,,Rohini,Kolkata (Esplaned)
RAJLAXMI,WB41K2045,RAJLAXMI - B,,,,,,,Private - NON AC,,,Bardhaman,Bishnupur
BARTAMAN,WB55B6653,BARTAMAN - A,,,,,JOY MAA DEOLI,,Private - AC,9474999159,,Arsha,Bandwan
SREEDHAR,WB870588,SREEDHAR - M,,,,,,,Private - NON AC,9609225108,,Moynapur,Kolkata (Esplaned)
APANJAN,WB15A0564,APANJAN - T,,,,,,,Private - NON AC,,,Tarkeshwar,Fulkusma
SENJUTI,WB57E7140,SENJUTI - K,,,,,,VENTURE TRAVELS,Private - NON AC,,,Kolkata (Esplaned),Baharampur
MONIKANCHAN,WB67E4911,MONIKANCHAN - J,,,,,,,Private - AC,,,Jhargram,Manbazar
SONALI,WB67F0719,SONALI - M,,,,,MAA DURGA,,Private - NON AC,7076348575,,Manbazar,Medinipur
KRISHNA KANHAIAYA,WB313233,KRISHNA KANHAIAYA - M,,,,,,,Private - NON AC,,,Madha Khali,Medinipur
MAHAPRABHU,WB17N2530,MAHAPRABHU - T,,,,,,,Private - NON AC,,,Tarkeshwar,Bankura
MOUSUMI,WB67C2556,MOUSUMI - K,,,,,DISHA,DISHA TRAVELS,Private - NON AC,8116247347,8918839961,Khatra,Bardhaman
DEBI CHANDI,WB678219,DEBI CHANDI - K,,,,,SHYAMSUNDAR,,Private - NON AC,8016440940,7047141569,Khatra,Raniganj
GURUNANAK,WB37E6817,GURUNANAK - B,,,,,,,Private - AC,9832110856,8250674811,Bankura,Siliguri
TUFAN,WB870613,TUFAN - A,,,,,,TUFAN TRAVELS,Private - NON AC,,,Arambagh,Manbazar
PRATIDIN,WB29A3038,PRATIDIN - I,,,,,,,Private - NON AC,9382559049,,Itaberia,Bardhaman
RAJA BAPPA,WB67C2123,RAJA BAPPA - B,,,,,,RAJA BAPPA TRAVELS,Private - NON AC,,,Bankura,Lalpur
RAJA BAPPA,WB67C2123,RAJA BAPPA - P,,,,,,RAJA BAPPA TRAVELS,Private - NON AC,,,Pairachali,Bankura
MAHAMAYA,WB29E4991,MAHAMAYA - K,,,,,,MAHAMAYA TRAVELS,Private - NON AC,8910962972,9903695737,Kolkata,Manbazar
ANKUSH,WB49N2496,ANKUSH - G,,,,,MAA BANKABURI,CHANGDAR TRAVELS,Private - NON AC,9932879739,8906314872,Garhbeta,Howrah
TARA MAA,WB18AP5207,TARA MAA - T,,,,,,,Private - NON AC,,,Tarkeshwar,Manbazar
TARAMA,WB41K3147,TARAMA - T,,,,,TARAMA PARIBAHAN,TARAMA PARIBAHAN,Private - AC,9547007739,8250557739,Tarkeshwar,Digha
MAA PARBATI,WB55A4939,MAA PARBATI - K,,,,,CHUMKI,,Private - NON AC,,,Kashipur,Bankura
MAA TULSI,WB67B1288,MAA TULSI - K,,,,,,,Private - NON AC,,,Khatra,Durgapur (Station)
MAA TULSI,WB67B1288,MAA TULSI - K,,,,,,,Private - NON AC,,,Khatra,Raipur
BARO BABU,WB67E7711,BARO BABU - D,,,,,RATUL BABU (মা শোভা),,Private - NON AC,,,Durgapur (Station),Arambagh
LAXMI NARAYAN,WB67A5273,LAXMI NARAYAN - M,,,,,,,Private - NON AC,9733873824,8972646925,Mecheda,Khatra
AMIT,WB41N1213,AMIT - B,,,,,MAA TARA,AMIT TRAVELS,Private - NON AC,,,Bardhaman,Shikarpur
AZAD HIND,WB67B5799,AZAD HIND - B,,,,,,,Private - NON AC,,,Bankura,Medinipur
SITANATH,WB55A3154,SITANATH - P,,,,,,,Private - NON AC,,,Purulia,Bardhaman
MAA NACHINDA,WB29A5143,MAA NACHINDA - H,,,,,,,Private - NON AC,9800973983,,Haldia,Bankura
KOUSHIKI,WB67A9040,KOUSHIKI - K,,,,,,KOUSHIKI TRAVELS,Private - NON AC,9434541456,,Kashipur,Bankura
MAHAPRABHU,WB432763,MAHAPRABHU - B,,,,,SONU SANJU,MAHAPRABHU TRAVELS,Private - AC,,,Bardhaman,Karimpur
LAXMI NARAYAN,WB33A9341,LAXMI NARAYAN - S,,,,,CHANDI MATA,,Private - NON AC,9933993540,9547792643,Srinagar,Fulkusma
SURYA,WB67D6869,SURYA - S,,,,,RADHE RADHE,SURYA TRAVELS,Private - NON AC,,,Sara,Raniganj
PUTUL,WB67B9019,PUTUL - B,,,,,,PUTUL TRAVELS,Private - NON AC,,,Bankura,Purulia
MAA MANASA,WB675995,MAA MANASA - M,,,,,,,Private - NON AC,,,Mayta,Bankura
S TRAVELS,WB55B6921,S TRAVELS - J,,,,,,S TRAVELS,Private - NON AC,,,Jhalda,Bankura
SBSTC,B,SBSTC - B,,,,,,South Bengal State Transport Corporation,Government - NON AC,,,Bardhaman,Manbazar
SHIBAM,WB67D7441,SHIBAM - H,,,,,,SHIBAM TRAVELS,Private - NON AC,,,Hoomgarh,Durgapur (Station)
AMIT,WB41H5018,AMIT - B,,,,,KRITIKA,,Private - NON AC,,,Bardhaman,Asansol
BABA BHAIRAV,WB67D8130,BABA BHAIRAV - L,,,,,,,Private - NON AC,,,Lakshanpur,Raniganj
AYESHA,WB33E3430,AYESHA - C,,,,,AATIYA,,Private - NON AC,9832048779,9547376939,Chandrakona Road,Durgachak
CHENNAI EXPRESS,WB29B9103,CHENNAI EXPRESS - E,,,,,BIPATTARINI,,Private - NON AC,7363056092,,Egra,Karunamoyee
SULOCHONA,WB41A7481,SULOCHONA - S,,,,,,,Private - NON AC,,,Santaldih,Bankura
ANUPAM,WB41J9765,ANUPAM - K,,,,,,,Private - NON AC,,,Kharikamathani,Bankura
MAA BASANTI,WB55B5653,MAA BASANTI - M,,,,,,TRISHIT TRAVELS,Private - NON AC,,,Manbazar,Purulia
SBSTC,B,SBSTC - B,,,,,,South Bengal State Transport Corporation,Government - NON AC,7699993928,,Bankura,Asansol
MAA DANGARKALI,WB67C1849,MAA DANGARKALI - B,,,,,,,Private - NON AC,,,Budbud,Manbazar
BALAJI,WB29B5612,BALAJI - E,,,,,,,Private - NON AC,,,Egra,Howrah
BABA BIHARINATH,WB37B2307,BABA BIHARINATH - B,,,,,,,Private - NON AC,,,Biharinath,Ranibandh
PRAVATI,WB29D6342,PRAVATI - H,,,,,MAA KALI,PRAVATI TRAVELS,Private - NON AC,9474978143,9832365300,Haldia,Gidhni
JOY MAA,WB11C7140,JOY MAA - B,,,,,,,Private - NON AC,,,Bankura,Tarkeshwar
LAXMIPRIYA,WB33A9065,LAXMIPRIYA - L,,,,,,LAXMIPRIYA TRAVELS,Private - NON AC,,,Lakshmisagar,Bankura
VEER,WB41H6638,VEER - K,,,,,AYESHA,,Private - NON AC,8942809805,7001620433,Krishnanagar,Asansol
KGN,WB33F0605,KGN - M,,,,,,,Private - NON AC,7478594714,,Mecheda,Bardhaman
TARA MAA,WB15C1881,TARA MAA - T,,,,,SUBHAM,SUBHAM TRAVELS,Private - NON AC,,,Tarkeshwar,Kharagpur
MONALISHA,WB55A2254,MONALISHA - B,,,,,RANGAMATI,MONALISHA TRAVELS,Private - NON AC,9635705368,,Bandwan,Kolkata (Esplaned)
TARA MAA,WB17P2630,TARA MAA - J,,,,,,,Private - NON AC,6295888237,9732322657,Jamtoria,Tarkeshwar
MAA BAGALA,WB49N2412,MAA BAGALA - D,,,,,,,Private - NON AC,,,Digha,Sarenga
MAYABATI,WB17N3789,MAYABATI - B,,,,,,,Private - NON AC,9732621620,9434126377,Bishnupur,Kolkata (Esplaned)
NARAYAN,WB11G3262,NARAYAN - H,,,,,,,Private - NON AC,9804850626,,Howrah,Chandrakona Road
SULOCHONA,WB676899,SULOCHONA - R,,,,,,,Private - NON AC,,,Raghunathpur,Bankura
CHAITANYA,WB67A9662,CHAITANYA - N,,,,,SAYANTI,SAYANTI PARIBAHAN,Private - NON AC,,,Nabadwip,Asansol
RAJA COACH,WB67A0999,RAJA COACH - S,,,,,,,Private - NON AC,8373085466,,Sonamukhi,Kolkata (Esplaned)
HIRA MUKTA,WB67C2031,HIRA MUKTA - B,,,,,,,Private - NON AC,,,Bankura,Manbazar
HIRA MUKTA,WB67C2031,HIRA MUKTA - B,,,,,,,Private - NON AC,,,Bankura,Manbazar
TARA MAA,WB67C1342,TARA MAA - K,,,,,,,Private - NON AC,,,Khatra,Arambagh
SILVERJET,WB339799,SILVERJET - M,,,,,ROYAL,,Private - NON AC,9635031949,8906277420,Medinipur,Bankura
MAA APARNA,WB673945,MAA APARNA - B,,,,,,JOY BABA SANYASI,Private - NON AC,,,Bankura,Jhargram
IMON,WB41H0075,IMON - B,,,,,,SATHI TRAVELS,Private - NON AC,,,Bardhaman,Bankura
MAYER ANCHOL,WB15A4447,MAYER ANCHOL - C,,,,,,SREE DHAR TRAVELS,Private - NON AC,,,Chakta,Bardhaman
KRISHNA SARATHI,WB33D6445,KRISHNA SARATHI - K,,,,,JOY MAA KALI,DUTTA MOTORS,Private - NON AC,8637042580,,Kharagpur,Purulia
SHYAMA MAA,WB19F7398,SHYAMA MAA - G,,,,,,,Private - NON AC,,,Garhbeta,Jhargram
JUGAL CHAKRA,WB33D3687,JUGAL CHAKRA - P,,,,,SRI KRISHNA,,Private - NON AC,,,Purulia,Bankura
MAA KAMALA,WB57A1735,MAA KAMALA - B,,,,,,,Private - NON AC,,,Badanganj,Kolkata (Esplaned)
ASTHA,WB51B1888,ASTHA - B,,,,,,ASTHA TRAVELS,Private - NON AC,7076401220,,Bangaon,Bardhaman
MAA PARAMESWARI,WB673983,MAA PARAMESWARI - M,,,,,,,Private - NON AC,,,Manihara,Bankura
MAA PARAMESWARI,WB673983,MAA PARAMESWARI - M,,,,,,,Private - NON AC,,,Manihara,Bankura
SBSTC,P,SBSTC - P,,,,,,South Bengal State Transport Corporation,Government - NON AC,7699993928,7699993955,Purulia,Durgapur (Station)
AMBIKA,WB679341,AMBIKA - K,,,,,,,Private - NON AC,,,Khatra,Bankura
AMBIKA,WB679341,AMBIKA - K,,,,,,,Private - NON AC,,,Khatra,Bankura
APANJAN,WB67D5949,APANJAN - R,,,,,,APANJAN TRAVELS,Private - AC,,,Raniganj,Bankura
AMARNATH,WB496776,AMARNATH - G,,,,,,AMARNATH TRAVELS,Private - NON AC,,,Gopiballabpur,Bandwan
DURANTA,WB19G1816,DURANTA - K,,,,,,,Private - NON AC,,,Kalna,Dhabani
DEBDHANI,WB41K4109,DEBDHANI - D,,,,,,,Private - NON AC,,,Dhabani,Kalna
SATHI,WB67B3612,SATHI - B,,,,,,SATHI TRAVELS,Private - NON AC,,,Bankura,Tarkeshwar
BHAGYALAXMI,WB55A8927,BHAGYALAXMI - T,,,,,,,Private - NON AC,,,Tatanagar,Barabazar
BHAGYALAXMI,WB55A8927,BHAGYALAXMI - B,,,,,,,Private - NON AC,,,Balarampur,Tatanagar
ARGHADEEP,WB53A0055,ARGHADEEP - B,,,,,,,Private - NON AC,,,Bankura,Asansol
MAA SARADA,WB55B8329,MAA SARADA - D,,,,,INDRANI,,Private - NON AC,9932311966,9647585887,Digha,Purulia
SHIBAM,WB678424,SHIBAM - B,,,,,,SHIBAM TRAVELS,Private - NON AC,,,Bhutsahar,Bankura
AVIJAN,WB33C0266,AVIJAN - T,,,,,,,Private - NON AC,,,Tarkeshwar,Medinipur
RAM KRISHNA,WB33B2874,RAM KRISHNA - P,,,,,,,Private - NON AC,9832160700,9382337338,Panskura,Bardhaman
MAYABATI,WB29B5298,MAYABATI - K,,,,,BABA BISWANATH,,Private - NON AC,8918228726,,Kotulpur,Kolkata (Esplaned)
PRIYA RANO,WB534718,PRIYA RANO - B,,,,,MAFUZAR,,Private - NON AC,8509035527,,Bolpur,Baharampur
SATHI,WB674261,SATHI - T,,,,,,,Private - NON AC,,,Tarkeshwar,Bankura
MAA KALI,WB33F3367,MAA KALI - R,,,,,,,Private - NON AC,,,Ramjibanpur,Medinipur
MAA KALI,WB33F3367,MAA KALI - R,,,,,,,Private - NON AC,,,Ramjibanpur,Medinipur
SOUMEN,WB674219,SOUMEN - B,,,,,ISHA,ISHA TRAVELS,Private - NON AC,,,Bankura,Ambika Nagar
SOUMEN,WB674219,SOUMEN - B,,,,,ISHA,ISHA TRAVELS,Private - NON AC,,,Bankura,Ambika Nagar
MAA JAHURA,WB57A6591,MAA JAHURA - B,,,,,,,Private - NON AC,,,Baharampur,Bardhaman
DURANTA GATI,WB472446,DURANTA GATI - B,,,,,,RANI TRAVELS,Private - NON AC,,,Baharampur,Asansol
UTSAV,WB55B7186,UTSAV - D,,,,,,,Private - NON AC,,,Dhadka,Purulia
JOY BABA TARAKNATH,WB33F1345,JOY BABA TARAKNATH - R,,,,,TARAKNATH,JOY BABA TARAKNATH TRAVELS,Private - NON AC,,,Rohini,Howrah
PUTUL,WB67A7151,PUTUL - P,,,,,,,Private - NON AC,,,Parasidanga,Asansol
BANERJEE,WB41J6203,BANERJEE - K,,,,,,,Private - NON AC,,,Kolkata (Esplaned),Purulia
JOY MAA TARA,WB67C1196,JOY MAA TARA - J,,,,,JOY RAMKRISHNA,,Private - NON AC,,,Jorda,Bankura
MAA SANDHYA,WB41J4016,MAA SANDHYA - T,,,,,,,Private - NON AC,,,Tatarpur,Bardhaman
YAMAN,WB33H5378,YAMAN - C,,,,,,,Private - NON AC,9635857564,,Chandrakona Road,Haldia
MARUTI,WB55A9819,MARUTI - B,,,,,,,Private - NON AC,,,Bishnupur,Purulia
MAA RAKSHAKALI,WB33C4915,MAA RAKSHAKALI - J,,,,,,,Private - NON AC,7872732455,9735313027,Jhargram,Bankura
LALKAMAL,WB319067,LALKAMAL - H,,,,,SUBHA,,Private - NON AC,,,Harinarayanpur,Medinipur
AYUSHI,WB67B1254,AYUSHI - S,,,,,,,Private - NON AC,8345903652,9564137134,Santasram,Kolkata (Esplaned)
SUBARNA,WB091802,SUBARNA - B,,,,,,,Private - NON AC,7001707311,7001399248,Bishnupur,Kolkata (Esplaned)
RAMNIDHI,WB29B9949,RAMNIDHI - N,,,,,,,Private - NON AC,7799340940,,Nandigram,Karunamoyee
PADMA,WB67D2282,PADMA - B,,,,,AYANSH,PADMA TRAVELS,Private - NON AC,,,Bishnupur,Bankura
PADMA,WB67D2282,PADMA - B,,,,,AYANSH,PADMA TRAVELS,Private - NON AC,,,Bishnupur,Bankura
SUMAIYA,WB50AA2540,SUMAIYA - B,,,,,,SUMAIYA TRAVELS,Private - NON AC,7477301930,8158877878,Brahmandiha,Kukrahati
MAA PARBATI,WB55A4939,MAA PARBATI - K,,,,,CHUMKI,,Private - NON AC,,,Kashipur,Bankura
ADR GOLD,WB41G0408,ADR GOLD - B,,,,,,,Private - NON AC,9641740130,8927631462,Bandwan,Kolkata (Esplaned)
SRABANI,WB05A4253,SRABANI - A,,,,,ABIR,ABIR TRAVELS,Private - AC,9831764778,9831764779,Anandapur,Bishnupur
CHIRANJIT,WB41G8115,CHIRANJIT - A,,,,,,,Private - NON AC,,,Asansol,Nabadwip
DEBLINA,WB33C3916,DEBLINA - R,,,,,MAA RAJESWARI,,Private - NON AC,9679784261,9342117411,Ramjibanpur,Medinipur
DEBLINA,WB33C3916,DEBLINA - R,,,,,MAA RAJESWARI,,Private - NON AC,9679784261,9342117411,Ramjibanpur,Medinipur
TIRUPATI,WB673765,TIRUPATI - B,,,,,BALAJI,,Private - NON AC,,,Bankura,Barakar
DADA BHAI,WB29B7439,DADA BHAI - H,,,,,JOY BABA LOKENATH,,Private - NON AC,7586923774,,Haldia,Chandrakona Road
MAA BELYAMONI,WB31A7714,MAA BELYAMONI - J,,,,,,,Private - NON AC,8670538740,,Jaleswar,Kukrahati
RAJNANDINI,WB492282,RAJNANDINI - F,,,,,,,Private - NON AC,8391911938,9647156704,Fulkusma,Kolkata (Esplaned)
AMIT,WB41H2900,AMIT - B,,,,,TARA MAA,,Private - NON AC,,,Bankura,Bardhaman
MAA KALYANI,WB55B0815,MAA KALYANI - B,,,,,,,Private - NON AC,,,Bandwan,Purulia
TAJ,WB33B8949,TAJ - R,,,,,,,Private - NON AC,8337803395,,Ramjibanpur,Howrah
SBSTC,D,SBSTC - D,,,,,,South Bengal State Transport Corporation,Government - NON AC,7699993948,,Durgapur (City Center),Tatanagar
MAMANI,WB17N3929,MAMANI - G,,,,,,MAMANI TRAVELS,Private - NON AC,9933175180,,Garerghat,Kolkata (Esplaned)
PUSPANJALI,WB33C3674,PUSPANJALI - C,,,,,,,Private - NON AC,8670505350,,Chandrakona Road,Kolkata
BABA LOKENATH,WB490756,BABA LOKENATH - K,,,,,ADI,,Private - NON AC,9800033633,,Kankrajhore,Medinipur
SRI KRISHNA,WB33F3444,SRI KRISHNA - K,,,,,JOY MAA TARA,,Private - NON AC,,,Khatra,Medinipur
TITHY,WB67D7337,TITHY - B,,,,,,,Private - NON AC,,,Bardhaman,Chandrakona Town
PUSHPASHREE,WB55B7451,PUSHPASHREE - P,,,,,,,Private - NON AC,,,Purulia,Bishnupur
K.G.N.,WB29A8176, - H,,,,,,,Private - NON AC,,,Howrah,Egra
SUPARNA,WB318394,SUPARNA - P,,,,,,,Private - NON AC,9732961021,9832055729,Pratap Dighi,Tarkeshwar
MAA PARUL,WB679467,MAA PARUL - B,,,,,,,Private - NON AC,,,Bankura,Khatra
MAA PARUL,WB679467,MAA PARUL - B,,,,,,,Private - NON AC,,,Bankura,Baidyanathpur
RAGHUNATH JIU,WB67A9472,RAGHUNATH JIU - J,,,,,,,Private - NON AC,,,Jhargram,Bankura
SAHIN,WB41E3768,SAHIN - B,,,,,,SAHIN TRAVELS,Private - NON AC,6297961870,,Bardhaman,Kharagpur
PATHER SATHI,WB39B6351,PATHER SATHI - M,,,,,,MOHANTA TRAVELS,Private - NON AC,7001320905,,Mecheda,Bardhaman
SURYA,WB11C7532,SURYA - L,,,,,RADHA KRISHNA,SURYA TRAVELS,Private - NON AC,,,Lodda,Kenjakura
RUMI RIK,WB41D9781,RUMI RIK - K,,,,,,SUDHA TRAVELS,Private - NON AC,9163716476,9732523412,Karimpur,Bardhaman
AZAD HIND,WB675299,AZAD HIND - B,,,,,,,Private - NON AC,,,Bankura,Durgapur (Station)
AZAD HIND,WB675299,AZAD HIND - B,,,,,,,Private - NON AC,,,Bankura,Durgapur (Station)
VIDYASAGAR,WB495999,VIDYASAGAR - B,,,,,,VIDYASAGAR TRAVELS,Private - NON AC,,,Belpahari,Contai
BISWARUP,WB33D4365,BISWARUP - K,,,,,,,Private - NON AC,,,Khatra,Medinipur
DEVI DURGA,WB55B6583,DEVI DURGA - F,,,,,,,Private - NON AC,,,Fulkusma,Purulia
PALLYDOOT,WB67B9065,PALLYDOOT - D,,,,,,,Private - NON AC,,,Dheko,Bankura
RAJARAM,WB41H0047,RAJARAM - B,,,,,,RAJARAM BUS SERVICE,Private - NON AC,,,Bardhaman,Bandwan
RAJARAM,WB41D0011,RAJARAM - B,,,,,,RAJARAM BUS SERVICE,Private - NON AC,,,Bandwan,Bardhaman
SHANTI,JH09AF3342,SHANTI - B,,,,,,,Private - NON AC,,,Bokaro,Durgapur (Station)
KAKOLI,WB41G5539,KAKOLI - M,,,,,AYUSH,,Private - NON AC,,,Memari,Bolpur
RBN TRAVELS,WB55B9065,RBN TRAVELS - M,,,,,,RBN TRAVELS,Private - NON AC,9153767256,,Medinipur,Tatanagar
PUTUL,WB677575,PUTUL - B,,,,,,PUTUL TRAVELS,Private - NON AC,,,Bankura,Saltora
PUTUL,WB677575,PUTUL - S,,,,,,PUTUL TRAVELS,Private - NON AC,,,Sonathali,Bankura
GARIB NAWAZ,WB55A2052,GARIB NAWAZ - P,,,,,SHALIMAR EXPRESS,,Private - NON AC,,,Purulia,Jhargram
MAA BARGABHIMA,WB67C2129,MAA BARGABHIMA - M,,,,,RAJA BABU,,Private - NON AC,,,Manbazar,Bankura
RANA,WB499891,RANA - M,,,,,MAA DWARASUNI,RANA TRAVELS,Private - NON AC,9332129791,9932718951,Madansole,Digha
SERMA EPIL,WB55A6535,SERMA EPIL - S,,,,,,,Private - NON AC,9832730831,9064405303,Sonathali,Purulia
SERMA EPIL,WB55A6535,SERMA EPIL - S,,,,,,,Private - NON AC,9832730831,9064405303,Sonathali,Purulia
DEBI PARUL,WB67C2325,DEBI PARUL - C,,,,,,,Private - NON AC,,,Chendapathar,Bankura
MAA PARAMA,WB67B9152,MAA PARAMA - T,,,,,,,Private - NON AC,,,Tentulia,Bardhaman
MAA TARA,WB15A0092,MAA TARA - T,,,,,,,Private - NON AC,,,Tarkeshwar,Bankura
SANYASI BABA,WB33F3536,SANYASI BABA - M,,,,,JOYGURU,,Private - NON AC,9002599577,,Manbazar,Kharagpur
RANAR,WB517861,RANAR - J,,,,,,RANARR TRAVELS,Private - NON AC,,,Joyrampur,Ranaghat
MAA DULALI,WB676805,MAA DULALI - B,,,,,,MAA DULALI TRAVELS,Private - NON AC,,,Bankura,Saltora
MAA DULALI,WB676805,MAA DULALI - M,,,,,,MAA DULALI TRAVELS,Private - NON AC,,,Manihara,Bankura
BANDEL,WB33D5580,BANDEL - T,,,,,MAHAPRABHU,MAHAPRABHU TRAVELS,Private - NON AC,,,Tarkeshwar,Kharagpur
RAKHALRAJA,WB33B2331,RAKHALRAJA - M,,,,,,,Private - NON AC,9932842980,,Manbazar,Chandrakona Road
PRATIMA,WB67B8770,PRATIMA - R,,,,,,,Private - NON AC,,,Raniganj,Kashipur
MAHARAJ,WB11B4571,MAHARAJ - B,,,,,,MAHARAJ BUS SERVICE,Private - NON AC,,,Bardhaman,Jangipur
MAA CHANDI,WB67B5415,MAA CHANDI - B,,,,,,MAA SARADA BUS SERVICE,Private - NON AC,,,Boga,Bankura
MAA LAXMI,WB11A6062,MAA LAXMI - T,,,,,,,Private - NON AC,,,Tarkeshwar,Bankura
BULLET,JH05DC3022,BULLET - T,,,,,,,Private - NON AC,,,Tatanagar,Durgapur (Station)
MAA SARADA,WB67C2341,MAA SARADA - H,,,,,ISHIKA,RAHUL TRAVELS,Private - NON AC,,,Hetia,Bardhaman
SBSTC,A,SBSTC - A,,,,,,South Bengal State Transport Corporation,Government - NON AC,7699993926,3252222153,Arambagh,Purulia
JANAKI,WB170057,JANAKI - C,,,,,,,Private - NON AC,9674609708,,Chandrakona Town,Howrah
BIJOY KRISHNA,WB430655,BIJOY KRISHNA - K,,,,,SHYAM SUNDAR,,Private - NON AC,,,Kalna,Benachity
AYAN EXPRESS,WB492900,AYAN EXPRESS - R,,,,,,,Private - NON AC,6296788935,,Raipur,Digha
ABHIJAN,WB41C1304,ABHIJAN - S,,,,,MAA TARA,,Private - NON AC,70769,,Sarenga,Medinipur
NOSIB,WB33F1317,NOSIB - K,,,,,,NOSIB TRAVELS,Private - NON AC,9641913319,8391027938,Kharagpur,Bardhaman
SOHANA,WB29C4818,SOHANA - D,,,,,,,Private - NON AC,7478378088,,Digha,Barasat
JOY BABA LOKENATH,WB49N2226,JOY BABA LOKENATH - G,,,,,BIRAJ LAXMI,,Private - NON AC,8926119011,9932281646,Gadiara,Bishnupur
BANERJEE,WB19A3967,BANERJEE - D,,,,,,,Private - NON AC,,,Durgapur (Station),Ambika Nagar
PRATIKSHA,WB41K3204,PRATIKSHA - T,,,,,,,Private - NON AC,8972746442,9933185729,Tatanagar,Bardhaman
PRATIKSHA,WB41H7004,PRATIKSHA - B,,,,,,,Private - NON AC,8972746442,9933185729,Bardhaman,Tatanagar
GOPAL GOLD,WB314172,GOPAL GOLD - B,,,,,,,Private - NON AC,,,Bishnupur,Bankura
GOPAL GOLD,WB314172,GOPAL GOLD - B,,,,,,,Private - NON AC,,,Bishnupur,Bankura
SATHI,WB67C1663,SATHI - R,,,,,,SATHI TRAVELS,Private - NON AC,,,Rasulpur,Mukutmanipur
WESTERN DIAMOND,WB33F3255,WESTERN DIAMOND - B,,,,,,,Private - NON AC,,,Bhalukbasa,Medinipur
SUBHA SANDHYA,WB33F3729,SUBHA SANDHYA - P,,,,,LAXMI NARAYAN,,Private - NON AC,,,Panskura,Contai
KANGSABATI,WB55A4296,KANGSABATI - B,,,,,,,Private - NON AC,,,Bardhaman,Ranchi
NABARUPA,WB41A9596,NABARUPA - B,,,,,,,Private - NON AC,,,Bardhaman,Suri
MAA JAGADAMBA,WB55B5556,MAA JAGADAMBA - B,,,,,,,Private - NON AC,9800113098,7319279651,Barabazar,Durgapur (Station)
GHOSH,WB51C1324,GHOSH - S,,,,,KINJAL,,Private - NON AC,9647978116,8617817609,Shikarpur,Bardhaman
DYNAMIC,WB33F0379,DYNAMIC - L,,,,,GOBINDA,DYNAMIC TRAVELS,Private - NON AC,,,Lalgarh,Contai
RADHASHYAM,WB31A3465,RADHASHYAM - G,,,,,MAA TARA,,Private - NON AC,9874484093,8910802257,Garia,Egra
TRILOCHAN,WB67C2339,TRILOCHAN - P,,,,,,,Private - NON AC,,,Parsola,Raniganj
JOY BABA KHETRAPAL,WB33F2448,JOY BABA KHETRAPAL - B,,,,,JOY SRI KRISHNA,JOY SRI KRISHNA TRAVELS,Private - NON AC,9531643403,7976901906,Bishnupur,Tatanagar
DEBI PARUL,WB41M5978,DEBI PARUL - R,,,,,,,Private - NON AC,,,Ranibandh,Bardhaman
JINIA,WB39B8959,JINIA - D,,,,,,,Private - NON AC,,,Durgapur (Station),Purulia
MONALISHA,WB55A6764,MONALISHA - M,,,,,SANHATI EXPRESS,,Private - NON AC,,,Manbazar,Purulia
MONALISHA,WB55A6764,MONALISHA - M,,,,,SANHATI EXPRESS,,Private - NON AC,,,Manbazar,Purulia
MAA MANASA,WB33C6926,MAA MANASA - F,,,,,,,Private - NON AC,,,Fulkusma,Bankura
BABA BHOLANATH,WB676815,BABA BHOLANATH - G,,,,,,,Private - NON AC,,,Gobindapur,Bankura
SBSTC,P,SBSTC - P,,,,,VADU EXPRESS,South Bengal State Transport Corporation,Private - NON AC,7699993928,7699993952,Purulia,Kolkata (Esplaned)
BIJOYJATRA,WB37D0141,BIJOYJATRA - R,,,,,,,Private - NON AC,,,Rupnarayanpur,Katwa
SULTAN,WB67B5266,SULTAN - B,,,,,TIPU SULTAN,,Private - NON AC,,,Baidyanathpur,Kashipur
GARIB NAWAZ,WB67A9590,GARIB NAWAZ - B,,,,,,,Private - NON AC,,,Bankura,Chandrakona Town
SAHIN,WB432806,SAHIN - M,,,,,,,Private - NON AC,6297961870,8145320852,Mecheda,Bardhaman
MITRA,WB31B4669,MITRA - C,,,,,,MITRA TRAVELS,Private - NON AC,9339054414,,Contai,Bankura
RATUL BABU,WB67B8441,RATUL BABU - B,,,,,AYUSH,,Private - NON AC,,,Bankura,Tarkeshwar
KARUNAMOYEE,WB67C1441,KARUNAMOYEE - R,,,,,,,Private - NON AC,,,Raniganj,Kashipur
GARIB NAWAZ,WB55A7755,GARIB NAWAZ - S,,,,,ROYAL,,Private - NON AC,,,Sonathali,Bandwan
BANALATA,WB67A5056,BANALATA - D,,,,,ARGHA PRIYAM,,Private - NON AC,,,Durgapur (Station),Bandwan
BISWA BINA,WB11F7820,BISWA BINA - C,,,,,,,Private - NON AC,9734361232,,Chandrakona Road,Howrah
JAY MAA DURGA,WB55A7283,JAY MAA DURGA - B,,,,,,JAY MAA DURGA TRAVELS,Private - NON AC,9883440610,,Bankura,Tatanagar
ARGHA,WB432825,ARGHA - N,,,,,,ARGHA TRAVELS,Private - NON AC,,,Nabadwip,Benachity
SREEMA,WB530586,SREEMA - B,,,,,,,Private - NON AC,,,Bolpur,Asansol
SRI RAMKRISHNA,WB49N0540,SRI RAMKRISHNA - B,,,,,SHAKIL,,Private - NON AC,9832384052,,Bardhaman,Mecheda
JOY BANGLA,WB37E5447,JOY BANGLA - A,,,,,,,Private - NON AC,,,Asansol,Krishnanagar
SRI BALAJI,WB37E5964,SRI BALAJI - B,,,,,,,Private - NON AC,8371899912,,Bankura,Dhanbad
SOHAIL,WB67A1855,SOHAIL - B,,,,,,,Private - NON AC,,,Bankura,Purulia
PRIYAJIT,WB49N0795,PRIYAJIT - H,,,,,,,Private - NON AC,9434414594,,Howrah,Chandrakona Town
MAA SHITALA,WB49N0554,MAA SHITALA - I,,,,,,,Private - NON AC,9733667597,,Irhpala,Howrah
MAA CHANDI,WB29C4851,MAA CHANDI - M,,,,,,,Private - NON AC,7407624030,8370902251,Mangrul,Kolkata
MAA SHITALA,WB55B8424,MAA SHITALA - T,,,,,,,Private - NON AC,9733667597,,Tarkeshwar,Mangrul
MAA SHITALA,WB55B8424,MAA SHITALA - G,,,,,,,Private - NON AC,9733667597,,Ghatal,Tarkeshwar
RADHAMADHAB,WB29C3215,RADHAMADHAB - E,,,,,,,Private - NON AC,9564577273,9749962001,Egra,Mukundapur
ISHIKA,WB67C3233,ISHIKA - B,,,,,,ISHIKA TRAVELS,Private - NON AC,8436160723,9434184415,Bankura,Kalyani
MAA GANDHESWARI,WB33D6120,MAA GANDHESWARI - B,,,,,,,Private - NON AC,9635289626,,Bankura,Hatibari
SAYANDIP,WB33D3936,SAYANDIP - K,,,,,,,Private - NON AC,,,Kantakhali,Jhargram
JUGAL CHAKRA,WB55A3959,JUGAL CHAKRA - P,,,,,,,Private - NON AC,9064016808,,Purulia,Simlapal
MONALISHA,WB55A3759,MONALISHA - B,,,,,ARANYAK,MONALISHA TRAVELS,Private - NON AC,9609604080,,Barabazar,Kolkata (Esplaned)
SIXER,WB37E1356,SIXER - D,,,,,,,Private - NON AC,,,Durgapur (Station),Bokaro
KRISHNADEB RATH,WB67C2286,KRISHNADEB RATH - M,,,,,PRANER TARA,,Private - NON AC,,,Manihara,Ranibandh
AVINANDAN,WB33B8617,AVINANDAN - C,,,,,AYAN,AVINANDAN TRAVELS,Private - NON AC,9434209116,9734472835,Chandrakona Road,Durgachak
MOUSUMI,WB67B5428,MOUSUMI - B,,,,,DISHA,,Private - NON AC,8116247347,8759464135,Baidyanathpur,Purulia
PALLY DUTH,WB41K3344,PALLY DUTH - S,,,,,,,Private - AC,8972444375,,Sonamukhi,Karunamoyee
RBN TRAVELS,WB55B8418,RBN TRAVELS - B,,,,,,RBN TRAVELS,Private - NON AC,,,Berada,Badanganj
TANVEER,WB41K2839,TANVEER - R,,,,,,TANVEER LINE,Private - NON AC,9382309727,,Rasulpur,Pirakata
KABERI,WB33D4039,KABERI - K,,,,,,KABERI TRAVELS,Private - NON AC,8972947097,9903121330,Keshpur,Kamalgazi
LAXMIPRIYA,WB67A0036,LAXMIPRIYA - L,,,,,TRIBENI,,Private - NON AC,,,Lakshmisagar,Bankura
LALKAMAL,WB33C1916,LALKAMAL - M,,,,,,,Private - NON AC,7602450060,,Medinipur,Ghatal
JOYDEEPI,WB678501,JOYDEEPI - B,,,,,,,Private - NON AC,,,Bishnupur,Manbazar
AZAM,WB37C4174,AZAM - J,,,,,,,Private - NON AC,9134636392,8145142568,Jangipur,Asansol
VINAYAK,WB55B9573,VINAYAK - B,,,,,,VINAYAK PARIBAHAN,Private - AC,,,Barabazar,Durgapur (City Center)
ANIMESH,WB67A7976,ANIMESH - J,,,,,SAHIL SOHAN,ANIMESH BUS TRANSPORT,Private - NON AC,,,Jhargram,Bankura
ARMAN,WB33F3406,ARMAN - R,,,,,,,Private - NON AC,9647043891,9800264488,Ranibandh,Kolkata
SRABANI LABANI,WB33C8131,SRABANI LABANI - C,,,,,SRABANI LABANI ISHANI,,Private - NON AC,8001353639,9547385090,Chandrakona Town,Kolkata
MAA CHANDI,WB29C4551,MAA CHANDI - E,,,,,,,Private - NON AC,8293339121,,Egra,Karunamoyee
RUPALI,WB39C4629,RUPALI - D,,,,,,,Private - NON AC,8918543600,,Durgapur (Station),Arambagh
RUDRANI,WB33B1830,RUDRANI - K,,,,,SAMPA,,Private - NON AC,8207025330,,Kharagpur,Manbazar
PUTUL,WB67C2540,PUTUL - L,,,,,,,Private - NON AC,,,Lachhipur,Bankura
ABHISEK,WB29B8386,ABHISEK - H,,,,,,,Private - NON AC,9732105375,,Haldia,Bankura
SAHANA,WB554799,SAHANA - S,,,,,,,Private - NON AC,,,Simlapal,Purulia
JOY BHARAT MATA,WB55B2460,JOY BHARAT MATA - J,,,,,,,Private - NON AC,,,Jhargram,Purulia
KALYAN,WB55B6656,KALYAN - J,,,,,,,Private - NON AC,,,Jhalda,Jhargram
ROCKET,WB41H0905,ROCKET - J,,,,,,,Private - NON AC,9434178161,7908776277,Jhilimili,Kolkata
MAA DURGA,WB67A1120,MAA DURGA - M,,,,,,MAA DURGA TRAVELS,Private - NON AC,,,Manbazar,Bankura
MAA DURGA,WB67A1120,MAA DURGA - M,,,,,,MAA DURGA TRAVELS,Private - NON AC,,,Manbazar,Bankura
DEBI KAMAKHYA,WB67B0869,DEBI KAMAKHYA - B,,,,,RAJA BABU,,Private - NON AC,,,Bandwan,Bankura
GREEN VALLEY,WB33E2462,GREEN VALLEY - R,,,,,MAA MANASA,,Private - NON AC,9564059707,,Raipur,Howrah
JOY MAA CHANDI,WB67A7259,JOY MAA CHANDI - B,,,,,JOY BABA SARESWAR,,Private - NON AC,8617058534,,Bankura,Tarkeshwar
RAJ TRAVELS,WB11B0566,RAJ TRAVELS - S,,,,,,RAJ TRAVELS,Private - NON AC,8617058534,,Simlabandh,Durgapur (Station)
HAMIM,WB67A7107,HAMIM - M,,,,,,,Private - NON AC,,,Majuria,Bankura
RAJ,WB67A5391,RAJ - D,,,,,,,Private - NON AC,,,Dumurtore,Bankura
TARAKRIPA,WB31A4531,TARAKRIPA - M,,,,,MAA SUBHASINI,,Private - NON AC,9679219838,,Medinipur,Digha
SBSTC,B,SBSTC - B,,,,,,,Government - NON AC,7699993928,,Bankura,Kolkata (Esplaned)
DURONTO,WB534964,DURONTO - B,,,,,,MAA TARINI TRAVELS,Private - NON AC,8172001510,,Bolpur,Bankura
PUSPANJALI,WB49N1277,PUSPANJALI - C,,,,,,PUSPANJALI TRAVELS,Private - NON AC,7602387203,7602564304,Chandrakona Town,Karunamoyee
SBSTC,J,SBSTC - J,,,,,,,Government - NON AC,8777315955,7699993955,Jhargram,Durgapur (City Center)
RAJDHANI,WB17N3738,RAJDHANI - B,,,,,DURGA,,Private - NON AC,9474088530,,Bankura,Kolkata (Esplaned)
CHANGDAR,WB33B7501,CHANGDAR - K,,,,,MAA BANKA BURI,CHANGDAR TRAVELS,Private - NON AC,8670019699,9830804154,Kolkata (Esplaned),Chandrakona Road
MANDIRA,WB67A1835,MANDIRA - C,,,,,PRANER TARA,,Private - NON AC,,,Chelyama,Bankura
DEBI CHANDI,WB67B0369,DEBI CHANDI - S,,,,,SHYAM SUNDAR,,Private - NON AC,7047141569,8016440940,Simlabandh,Tarkeshwar
RAJDOOT,WB11C4317,RAJDOOT - T,,,,,,RAJDOOT  TRAVELS,Private - NON AC,,,Tangrakhali,Baharagora
BABA LOKENATH,WB67A6152,BABA LOKENATH - B,,,,,,,Private - NON AC,,,Bankura,Tatanagar
SHIV SHAKTI,JH05BE0969,SHIV SHAKTI - T,,,,,,,Private - NON AC,7797345488,,Tatanagar,Durgapur (Station)
SAGAR,WB33D4176,SAGAR - R,,,,,,Sagar Travels,Private - NON AC,8945931069,,Raskundu,Medinipur
SAGAR,WB33D4176,SAGAR - R,,,,,,Sagar Travels,Private - NON AC,8945931069,,Raskundu,Medinipur
TOOFAN,WB33C4881,TOOFAN - J,,,,,,,Private - NON AC,,,Joypur,Kolkata
MADHUMITA,WB29C3680,MADHUMITA - H,,,,,,,Private - NON AC,9748923990,9635341938,Haldia,Belpahari
ANISH,WB33C4114,ANISH - N,,,,,,ANISH TRAVELS,Private - NON AC,9083184114,,Neradeul,Kolkata
RAMANANDA,WB29A5504,RAMANANDA - A,,,,,,,Private - NON AC,9735359700,,Argoal,Howrah
HELLO BANGLA,WB37D9247,HELLO BANGLA - B,,,,,JAI MAA SHERAWALI,,Private - NON AC,,,Bardhaman,Asansol
SBSTC,D,SBSTC - D,,,,,,,Government - NON AC,7699993948,,Durgapur (City Center),Gopiballabpur
SARATHI,WB33B1924,SARATHI - K,,,,,,,Private - NON AC,,,Kenjakura,Bankura
SARATHI,WB33B1924,SARATHI - K,,,,,,,Private - NON AC,,,Kenjakura,Bankura
SAHANA,WB555504,SAHANA - G,,,,,,,Private - NON AC,,,Gopalpur,Purulia
COMMANDO,JH05AM2275,COMMANDO - T,,,,,,,Private - NON AC,7765054379,7063194393,Tatanagar,Bankura
MAHAMAYA,WB23E0985,MAHAMAYA - R,,,,,,,Private - NON AC,7047646124,9083229264,Ranibandh,Kolkata
BURA BABA,WB67C1887,BURA BABA - D,,,,,,,Private - NON AC,6296065598,,Durgapur (Station),Bankura
JINIA,WB39B7718,JINIA - D,,,,,,,Private - NON AC,9474881832,,Durgapur (City Center),Digha
NIGAMDUT,WB313265,NIGAMDUT - C,,,,,SUDHAMOYEE,,Private - NON AC,,,Chandrakona Town,Tarkeshwar
RAJ,WB67A0155,RAJ - D,,,,,,,Private - NON AC,,,Dhanara,Durgapur (Station)
INDIRA,WB41B2819,INDIRA - B,,,,,ABHIRUP,INDRA TRAVELS,Private - NON AC,,,Bankura,Chelyama
SHEFALI,WB67B9155,SHEFALI - M,,,,,,,Private - NON AC,,,Majuria,Bankura
BIJAYA,WB41C8661,BIJAYA - C,,,,,,,Private - NON AC,,,Chandrakona Road,Tamajuri
SBSTC,D,SBSTC - D,,,,,,,Government - NON AC,7699993948,,Durgapur (City Center),Purulia
RAGHUNATH,WB55B2111,RAGHUNATH - K,,,,,KALYANI,RAGHUNATH TRAVELS,Private - NON AC,,,Kenjakura,Purulia
KAILASH,WB553831,KAILASH - K,,,,,,,Private - NON AC,,,Kenjakura,Purulia
PRATIDIN,WB319082,PRATIDIN - D,,,,,,,Private - NON AC,8167284967,6294971244,Digha,Arambagh
KAILASH,WB55B2398,KAILASH - J,,,,,,,Private - NON AC,,,Jhantipahari,Purulia
JOY MAA,WB675786,JOY MAA - B,,,,,AAJKAL,,Private - NON AC,7318624944,,Bankura,Chandrakona Road
MAITY SUPER,WB33B5590,MAITY SUPER - K,,,,,,,Private - NON AC,,,Khetua,Howrah
PATHER DABI,WB41J6996,PATHER DABI - G,,,,,,,Private - NON AC,8695190550,,Ghatal,Nabadwip
DURGA,WB41K1665,DURGA - B,,,,,,,Private - NON AC,,,Bardhaman,Ghatal
SBSTC,M,SBSTC - M,,,,,,,Government - NON AC,7699993944,,Medinipur,Malda
MAA SHITALA,WB49N2221,MAA SHITALA - C,,,,,,,Private - NON AC,9733667597,,Chandrakona Town,Howrah
MAA RAKSHAKALI,WB67B0053,MAA RAKSHAKALI - C,,,,,,,Private - NON AC,,,Chandrakona Road,Bankura
PASUPATINATH,WB33C8050,PASUPATINATH - B,,,,,,,Private - NON AC,7029532609,,Bankura,Baripada
MAA KOKONDESHWARI,WB49N2163,MAA KOKONDESHWARI - M,,,,,,,Private - NON AC,9732095912,9475408445,Mecheda,Bardhaman
MONIKANCHAN,WB29C4457,MONIKANCHAN - S,,,,,,,Private - NON AC,9733409780,9933933328,Solpatta,Karunamoyee
PUSPANJALI,WB19H5896,PUSPANJALI - K,,,,,,,Private - NON AC,9800305181,,Kolkata,Chandrakona Town
DEVI DURGA,WB55B6801,DEVI DURGA - M,,,,,KRISHNA NARAYAN,,Private - NON AC,,,Manbazar,Jhargram
ANINDYA BRISTI,WB15C0583,ANINDYA BRISTI - T,,,,,SANTOSHI MATA,,Private - NON AC,,,Tarkeshwar,Bankura
MADHURI,WB33A6210,MADHURI - C,,,,,,,Private - NON AC,,,Contai,Medinipur
BISWA BINA,WB19G8720,BISWA BINA - K,,,,,,,Private - NON AC,9734309796,,Kuthighat,Howrah
AKASH BRISTI,WB15C1616,AKASH BRISTI - T,,,,,,,Private - NON AC,9932766307,9800238195,Tarkeshwar,Durgachak
MALLIKA,WB67A6619,MALLIKA - B,,,,,,,Private - NON AC,,,Bishnupur,Purulia
MALLICK BROTHERS,WB11C3375,MALLICK BROTHERS - T,,,,,,,Private - NON AC,,,Tarkeshwar,Bankura
KAILASPATI,WB15B8657,KAILASPATI - C,,,,,DISHA DIYA,,Private - NON AC,,,Chandrakona Road,Bardhaman
SNEMITA,WB11C6824,SNEMITA - D,,,,,PRATIDIN,,Private - NON AC,6294730966,8967310804,Digha,Bardhaman
KAILASH,WB33C8899,KAILASH - K,,,,,,,Private - NON AC,,,Kharagpur,Tarkeshwar
MAA TARA,WB67C2355,MAA TARA - B,,,,,,,Private - NON AC,,,Bankura,Jhargram
MAA KALI,WB31A4339,MAA KALI - S,,,,,,,Private - NON AC,9732862466,9932977574,Sautia,Howrah
TIRUPATI,WB67B2222,TIRUPATI - K,,,,,,,Private - NON AC,,,Kenjakura,Bankura
TIRUPATI,WB67B2222,TIRUPATI - K,,,,,,,Private - NON AC,,,Kenjakura,Molian
KALPANA,WB67B9078,KALPANA - B,,,,,,,Private - NON AC,,,Bankura,Tarkeshwar
SUBHASREE,WB674033,SUBHASREE - K,,,,,,,Private - NON AC,9775360473,,Kashipur,Bankura
SUBHASREE,WB674033,SUBHASREE - K,,,,,,,Private - NON AC,9775360473,,Kashipur,Bankura
BISWA BINA,WB29B9911,BISWA BINA - K,,,,,,,Private - NON AC,8695136251,,Kolkata,Chandrakona Road
MAYER DAN,WB31A0769,MAYER DAN - K,,,,,,,Private - NON AC,,,Kantakhali,Haldia
SULTAN,WB67A9247,SULTAN - K,,,,,,,Private - NON AC,,,Kashipur,Durgapur (Station)
SREEDHAR,WB49N1966,SREEDHAR - C,,,,,,,Private - NON AC,,,Chandrakona Road,Howrah
AYESHA,WB67B5662,AYESHA - B,,,,,,,Private - NON AC,,,Bankura,Jhargram
MADAN MOHAN,WB159138,MADAN MOHAN - B,,,,,,,Private - NON AC,,,Bankura,Bishnupur
APSARA,WB33B4503,APSARA - P,,,,,,,Private - NON AC,7365889667,,Panskura,Bardhaman
AANI,WB37D6281,AANI - A,,,,,,,Private - NON AC,8918394391,,Asansol,Kandi
MUKTA BIHANGA,WB676918,MUKTA BIHANGA - B,,,,,,,Private - NON AC,,,Bishnupur,Purulia
BANESWAR,WB33F3150,BANESWAR - K,,,,,,,Private - NON AC,9382684012,,Kantore,Kantakhali
NASRIN NARGIS,WB532193,NASRIN NARGIS - B,,,,,,,Private - NON AC,7585094353,,Bolpur,Hematpur
AGAMANI,WB67C0511,AGAMANI - B,,,,,,,Private - NON AC,,,Bankura,Raniganj
MALLIKA,WB33C6051,MALLIKA - B,,,,,,,Private - NON AC,8514010320,,Bishnupur,Kolkata (Esplaned)
RADHA DAMODAR,WB297565,RADHA DAMODAR - B,,,,,,,Private - NON AC,,,Bardhaman,Mecheda
JOY GANESH,WB29B0964,JOY GANESH - B,,,,,,,Private - NON AC,9434802576,,Bankura,Hijli Sorif
SULOCHONA,WB673235,SULOCHONA - B,,,,,,,Private - NON AC,,,Bankura,Raniganj
SULOCHONA,WB673235,SULOCHONA - B,,,,,,,Private - NON AC,,,Biharinath,Bankura
BISWA BINA,WB29B0844,BISWA BINA - K,,,,,,,Private - NON AC,9748054982,,Kolkata,Chandrakona Road
TUMPA SONA,WB55B7838,TUMPA SONA - P,,,,,,,Private - NON AC,9932311966,9647585887,Purulia,Digha
PARTHA SAKHA,WB49N2139,PARTHA SAKHA - M,,,,,,,Private - NON AC,9434342120,9635825989,Mangrul,Kolkata
TANVEER,WB41K2039,TANVEER - K,,,,,TANVEER LINE,TANVEER LINE,Private - NON AC,9382309727,,Kharagpur,Bardhaman
DEBAPRIYA,WB29C1050,DEBAPRIYA - M,,,,,,,Private - NON AC,,,Moyna,Jhargram
AYESHA,WB67C1808,AYESHA - B,,,,,,,Private - NON AC,,,Bankura,Bardhaman
TARA MAA,WB07J0180,TARA MAA - T,,,,,,,Private - NON AC,,,Tarkeshwar,Silda
TARA MAA,WB15C2847,TARA MAA - T,,,,,,,Private - NON AC,,,Tarkeshwar,Silda
SRI KRISHNA,WB33E5465,SRI KRISHNA - K,,,,,,,Private - NON AC,9732328874,,Khatra,Medinipur
PRIYAJIT,WB25F5052,PRIYAJIT - K,,,,,,,Private - NON AC,7001055148,,Kolkata,Chandrakona Town
DIAMOND,WB29C3934,DIAMOND - D,,,,,,,Private - NON AC,9732485770,,Durgachak,Karunamoyee
RAJDHANI EXPRESS,WB49N2499,RAJDHANI EXPRESS - K,,,,,,,Private - NON AC,9547142499,,Karunamoyee,Ramjibanpur
SAKLIN,WB15C3349,SAKLIN - T,,,,,,,Private - NON AC,7602641251,7319244685,Tarkeshwar,Ramgarh
CHANGDAR,WB49N2396,CHANGDAR - G,,,,,MAA BANKABURI,CHANGDAR TRAVELS,Private - NON AC,7602550552,7584063779,Goaltore,Karunamoyee
ATITHI,WB672909,ATITHI - M,,,,,,,Private - NON AC,6294239946,,Medinipur,Bankura
KABITA,WB39B8849,KABITA - G,,,,,,KABITA TRAVELS,Private - NON AC,9800757564,9647701060,Gopiballabpur,Durgapur (Station)
LAXMI SARASWATI,WB33A6031,LAXMI SARASWATI - B,,,,,,,Private - NON AC,,,Badanganj,Medinipur
PAYEL,WB41D4687,PAYEL - B,,,,,,,Private - NON AC,,,Bankura,Asansol
MAA MANASA,WB41H3201,MAA MANASA - B,,,,,,,Private - NON AC,8670688410,9800531201,Bardhaman,Purulia
BABA TARAKESWAR,WB29C2987,BABA TARAKESWAR - H,,,,,,,Private - NON AC,,,Haldia,Dhumsai
ROSHNI,WB33F3443,ROSHNI - D,,,,,,,Private - NON AC,,,Debra,Bajkul
JOY SRIKRISHNA,WB67B5278,JOY SRIKRISHNA - G,,,,,MAA MAHAMAYA,,Private - NON AC,8900394140,7976901906,Gopiballabpur,Bankura
KANGSABATI,WB55A4949,KANGSABATI - R,,,,,,,Private - NON AC,,,Ranchi,Bardhaman
RAJDHANI EXPRESS,WB49N2199,RAJDHANI EXPRESS - R,,,,,,,Private - NON AC,7384641259,7384726254,Ranichak,Karunamoyee
MAYER ANCHOL (SIDDHESHWARI),WB53C4134, - D,,,,,,,Private - NON AC,,,Durgapur (Station),Bolpur
MAYER ANCHOL (SIDDHESHWARI),WB53C4134, - D,,,,,,,Private - NON AC,,,Durgapur (Station),Bolpur
BASUNDHARA,WB178192,BASUNDHARA - S,,,,,,,Private - NON AC,8013445577,7595824650,Shyambazar,Bishnupur
RUDRANI,WB33D3454,RUDRANI - P,,,,,,,Private - NON AC,9733647390,9647043891,Purulia,Digha
MAA DULALI,WB67C0600,MAA DULALI - K,,,,,PARTHA SARATHI,,Private - NON AC,,,Kashipur,Budbud
WESTERN DIAMOND,WB33C4836,WESTERN DIAMOND - M,,,,,,,Private - NON AC,,,Medinipur,Bankura
MAA SARBAJOYA,WB67B0712,MAA SARBAJOYA - B,,,,,,,Private - NON AC,,,Bankura,Tarkeshwar
MAA JAGATGOURI,WB37E3393,MAA JAGATGOURI - C,,,,,SWEETY,,Private - NON AC,,,Chhirudi,Bankura
SONAR TORI,WB51B4939,SONAR TORI - K,,,,,,,Private - NON AC,,,Krishnanagar,Benachity
BHAGYALAXMI,WB55A4911,BHAGYALAXMI - B,,,,,,,Private - NON AC,,,Balarampur,Bankura
ASR TRAVELS,WB57C0999,ASR TRAVELS - H,,,,,,,Private - NON AC,9163253811,7872608500,Haludkanali,Kolkata (Esplaned)
DURDAR GATI,WB41E4265,DURDAR GATI - S,,,,,,,Private - NON AC,,,Salar,Asansol
MAA PARUL,WB67C2099,MAA PARUL - J,,,,,,,Private - NON AC,9933002449,,Jayrambati,Durgapur (Station)
GHARE BAIRE,WB67B1852,GHARE BAIRE - B,,,,,AVIJIT,,Private - NON AC,,,Bankura,Jhargram
NAYAK,WB67B2398,NAYAK - S,,,,,,,Private - NON AC,,,Susunia Hill,Khatra
ANJALI,WB67B7568,ANJALI - S,,,,,,,Private - NON AC,,,Silda,Bankura
MANASI,WB672936,MANASI - B,,,,,,,Private - NON AC,,,Bankura,Gidhni
BABA LOKENATH,WB33D4067,BABA LOKENATH - J,,,,,TEWARI,,Private - NON AC,,,Jhargram,Bankura
GITANJALI,WB41J7171,GITANJALI - B,,,,,,,Private - NON AC,9064234330,,Bardhaman,Mecheda
JOY BABA KHETRAPAL,WB33B3932,JOY BABA KHETRAPAL - A,,,,,,JOY BABA KHETRAPAL TRAVELS,Private - NON AC,9641529438,,Amlasuli,Jhargram
NEHA TRAVELS,WB33F3306,NEHA TRAVELS - K,,,,,,,Private - NON AC,9609249585,9547182512,Kharagpur,Bardhaman
TIRUPATI,WB67B9099,TIRUPATI - K,,,,,,,Private - NON AC,8653102810,9932511360,Kenjakura,Kolkata (Esplaned)
JOY MAHAPRABHU,WB29C3343,JOY MAHAPRABHU - M,,,,,,,Private - NON AC,9932187000,,Mundumari,Karunamoyee
RAKHAL RAJA,WB291268,RAKHAL RAJA - B,,,,,,,Private - NON AC,,,Buglidih,Bankura
NAYANMONI,WB33F3297,NAYANMONI - K,,,,,,,Private - NON AC,9679003148,9647964820,Kharagpur,Bardhaman
MAA CHANDI,WB67A1199,MAA CHANDI - G,,,,,,,Private - NON AC,,,Gopalnagar,Bankura
NIRANKAR,WB67A0652,NIRANKAR - B,,,,,,,Private - NON AC,,,Barakar,Bankura
MAYABATI,WB15C9837,MAYABATI - G,,,,,,,Private - NON AC,9144693537,,Garerghat,Maniktala
MAA SABITRI,WB29B5760,MAA SABITRI - N,,,,,DEBI MAA NACHINDA,,Private - NON AC,7501657372,,Nandigram,Bankura
PUTUL,WB67A9040,PUTUL - B,,,,,,,Private - NON AC,9002553488,,Bankura,Purulia
PALLYDOOT,WB67A8266,PALLYDOOT - B,,,,,,,Private - NON AC,,,Bankura,Durgapur (Station)
PALLYDOOT,WB67A8266,PALLYDOOT - B,,,,,,,Private - NON AC,,,Bankura,Jhargram
ROF ROF,WB33F3262,ROF ROF - G,,,,,,,Private - NON AC,9800919892,8158877878,Garhbeta,Durgachak
SOURAV,WB29B2061,SOURAV - C,,,,,,BADAL MOTORS,Private - NON AC,,,Contai,Jhargram
SULOCHONA,WB67B4332,SULOCHONA - B,,,,,,,Private - NON AC,,,Bankura,Raniganj
SULOCHONA,WB67B4332,SULOCHONA - J,,,,,,,Private - NON AC,,,Jorehira,Bankura
ATITHI,WB67B1167,ATITHI - S,,,,,,,Private - NON AC,8348707907,,Sarenga,Howrah
SWEETY,WB39B6338,SWEETY - D,,,,,,,Private - NON AC,,,Durgapur (Station),Bandwan
SHAKTI SREE,WB29B1394,SHAKTI SREE - B,,,,,,,Private - NON AC,,,Bankura,Asansol
DISHA,WB33F2716,DISHA - H,,,,,MAA NACHINDA,,Private - NON AC,,,Haldia,Medinipur
NABAJATRA,WB33D3053,NABAJATRA - G,,,,,,,Private - NON AC,,,Ghatal,Medinipur
NABAJATRA,WB33D3053,NABAJATRA - G,,,,,,,Private - NON AC,,,Ghatal,Medinipur
LAL PARUL,WB67C1598,LAL PARUL - B,,,,,,,Private - NON AC,9434216127,,Bankura,Medinipur
MAA SHARADA,WB67C2882,MAA SHARADA - P,,,,,,,Private - NON AC,,,Patrasayer,Bankura
MAA SHARADA,WB67C2882,MAA SHARADA - P,,,,,,,Private - NON AC,,,Patrasayer,Bankura
JAYANTI,WB31A6794,JAYANTI - E,,,,,,,Private - NON AC,8001128686,9732961158,Egra,Karunamoyee
JAI MAA DURGA,WB55B1765,JAI MAA DURGA - M,,,,,,,Private - NON AC,7583939647,8016889938,Manbazar,Kolkata (Esplaned)
TIRUPATI,WB675678,TIRUPATI - K,,,,,,,Private - NON AC,,,Kashipur,Bankura
BISWAKABI,WB51A0617,BISWAKABI - K,,,,,,,Private - NON AC,9800434336,,Krishnanagar,Suri
HAMIM,WB67A9183,HAMIM - B,,,,,,,Private - NON AC,,,Bankura,Jhargram
SHREE MADHUSUDHAN,WB67A9423,SHREE MADHUSUDHAN - D,,,,,,,Private - NON AC,,,Durgapur (Station),Jhargram
MAA BAGALA,WB33A6969,MAA BAGALA - K,,,,,,,Private - NON AC,6296024255,,Khatra,Contai
KRISHNA,WB336326,KRISHNA - M,,,,,,,Private - NON AC,9434544386,,Molian,Kashipur
GREEN VALLEY,WB33F2235,GREEN VALLEY - M,,,,,MAA MANASA,,Private - NON AC,9564059707,,Mukutmanipur,Gopiballabpur
MAA GITA,WB672222,MAA GITA - N,,,,,,,Private - NON AC,,,Nadihi,Bankura
MAA GITA,WB672222,MAA GITA - N,,,,,,,Private - NON AC,,,Nadihi,Bankura
AVIJAN,WB33B9200,AVIJAN - T,,,,,,,Private - NON AC,,,Tarkeshwar,Kharagpur
MAA LAXMI,WB55B6782,MAA LAXMI - P,,,,,,,Private - NON AC,,,Purulia,Bishnupur
MUKTA BIHANGA,WB677447,MUKTA BIHANGA - B,,,,,,,Private - NON AC,,,Bankura,Tarkeshwar
TANVEER,WB33B5549,TANVEER - B,,,,,,,Private - NON AC,9382309727,,Bankura,Bardhaman
MADAN MOHAN,WB29C5225,MADAN MOHAN - H,,,,,,,Private - NON AC,,,Haldia,Hoomgarh
TRILOCHAN,WB67B8156,TRILOCHAN - S,,,,,,,Private - NON AC,9609818442,,Simlapal,Purulia
NOSIB,WB33F3135,NOSIB - K,,,,,,,Private - NON AC,9474504977,,Kharagpur,Bardhaman
SATADAL,WB29B6869,SATADAL - D,,,,,,,Private - NON AC,7074768414,9733874842,Durgachak,Shyambazar
ROSHNI,WB33F1792,ROSHNI - E,,,,,,,Private - NON AC,,,Egra,Chandrakona Road
MAA SANAKA,WB11D1177,MAA SANAKA - K,,,,,,,Private - NON AC,8653533433,,Khatra,Medinipur
BANKI BIHARI,WB31A6632,BANKI BIHARI - D,,,,,,,Private - NON AC,8170090513,9434482381,Dantan,Howrah
SHRI GANESH,WB29C1748,SHRI GANESH - K,,,,,,,Private - NON AC,7001834050,9735301891,Kharagpur,Bardhaman
K.G.N.,WB31B5551, - H,,,,,,,Private - NON AC,7047464018,,Howrah,Egra
BANHISIKHA,WB55A2816,BANHISIKHA - B,,,,,,,Private - NON AC,,,Balarampur,Bankura
FRIENDS,WBC672280,FRIENDS - B,,,,,,,Private - AC,9332456781,9332456782,Bishnupur,Kolkata (Esplaned)
JALESWAR,WB132540,JALESWAR - P,,,,,,,Private - NON AC,7047268668,,Patharpara,Chandrakona Town
JANARDAN,WB67B7424,JANARDAN - B,,,,,,,Private - NON AC,,,Bankura,Arambagh
SANCHITA,WB33B0346,SANCHITA - M,,,,,,,Private - NON AC,8637815440,9732989635,Mohanpur,Medinipur
MAA BELA,WB679783,MAA BELA - B,,,,,,,Private - NON AC,8637350345,9547927421,Boga,Bankura
RAKHAL SOKHA,WB674899,RAKHAL SOKHA - G,,,,,,,Private - NON AC,,,Guniada,Bankura
MAA DURGA,WB37A9721,MAA DURGA - D,,,,,BIBEK,,Private - NON AC,,,Durgapur (Station),Manbazar
SWEETY,WB39A8207,SWEETY - B,,,,,,,Private - NON AC,,,Bankura,Nabadwip
RAHUL,WB679527,RAHUL - B,,,,,,,Private - NON AC,,,Bandwan,Bankura
DIAMOND,WB41F6453,DIAMOND - T,,,,,,,Private - NON AC,,,Tarkeshwar,Chandrakona Road
P TRAVELS,WB29C4626,P TRAVELS - H,,,,,,,Private - NON AC,7586900642,,Haldia,Tarkeshwar
BK TRAVELS,WB315899,BK TRAVELS - C,,,,,,,Private - NON AC,,,Contai,Medinipur
MAA PARBATI,WB552093,MAA PARBATI - P,,,,,,,Private - NON AC,,,Purulia,Bankura
LAXMI JANARDAN,WB33F1493,LAXMI JANARDAN - J,,,,,DEBI KANAKDURGA,,Private - NON AC,,,Jhilimili,Medinipur
GUDDI,WB677989,GUDDI - B,,,,,,,Private - NON AC,,,Bandwan,Bankura
NILKANTHA,WB31A0273,NILKANTHA - S,,,,,,,Private - AC,8167858505,,Solpatta,Kolkata (Esplaned)
SBSTC,J,SBSTC - J,,,,,,,Government - NON AC,8777315955,7699993955,Jhargram,Durgapur (Station)
TUFAN GOLD,WB65D1907,TUFAN GOLD - H,,,,,,,Private - NON AC,9531759386,9635189909,Haludkanali,Kolkata (Esplaned)
CHARUBALA,WB67B4414,CHARUBALA - B,,,,,,,Private - NON AC,,,Bankura,Silda
DURANTA,WB33D3786,DURANTA - K,,,,,,,Private - NON AC,,,Kharagpur,Bankura
TRIBENI,WB67B7484,TRIBENI - B,,,,,,,Private - NON AC,9933666281,,Barabazar,Gopiballabpur
TRIBENI,WB39B7739,TRIBENI - M,,,,,,,Private - NON AC,7076526815,,Manbazar,Medinipur
SRT Travels,WB55B2345, - P,,,,,S.R.T.,S.R.T. TRAVELS,Private - NON AC,9635892425,7477563110,Purulia,Jhargram
AMRABATI,WB29C3330,AMRABATI - K,,,,,,,Private - NON AC,9635623321,,Kukrahati,Digha
MOUSUMI,WB67A6902,MOUSUMI - B,,,,,DISHA,DISHA TRAVELS,Private - NON AC,8116247347,8759464135,Bandwan,Durgapur (Station)
ADDYA SHAKTI,WB531693,ADDYA SHAKTI - B,,,,,,,Private - NON AC,7864035450,,Bolpur,Baharampur
MAMATAMAYEE,WB49N2136,MAMATAMAYEE - K,,,,,,,Private - NON AC,9732250235,9083093790,Khirpai,Howrah
SRI BISHNU,WB33C5130,SRI BISHNU - K,,,,,,,Private - NON AC,,,Khatra,Ghatal
CHANGDAR,WB49N1045,CHANGDAR - H,,,,,,,Private - NON AC,9635293969,,Hoomgarh,Barasat
TITHY,WB67C7337,TITHY - J,,,,,,,Private - NON AC,7478768998,,Jhargram,Bardhaman
KATTAYANI,WB29D9117,KATTAYANI - E,,,,,,,Private - NON AC,9083590857,,Egra,Karunamoyee
TITHI,WB67B8707,TITHI - B,,,,,,,Private - NON AC,8670758707,6294365157,Belpahari,Bardhaman
SRI KRISHNA,WB33C8888,SRI KRISHNA - F,,,,,,,Private - NON AC,9975030165,,Fulkusma,Howrah
MAA DURGA,WB33B5942,MAA DURGA - K,,,,,SONALI,,Private - NON AC,6296024255,,Khatra,Contai
BABA BHAIRAV,WB67A5938,BABA BHAIRAV - F,,,,,,,Private - NON AC,9832189884,,Fulkusma,Bankura
NILANJALI,WB315572,NILANJALI - E,,,,,,,Private - NON AC,,,Egra,Medinipur
DEBAYANTI,WB490806,DEBAYANTI - B,,,,,,,Private - NON AC,,,Belpahari,Contai
PATHER DABI,WB33D1170,PATHER DABI - B,,,,,,,Private - NON AC,,,Bardhaman,Kharagpur
PLATINUM,WB33D0020,PLATINUM - G,,,,,,,Private - NON AC,,,Ghatal,Medinipur
PLATINUM,WB33D0020,PLATINUM - G,,,,,,,Private - NON AC,,,Ghatal,Medinipur
SHRADHANJALI,WB33F2197,SHRADHANJALI - M,,,,,,,Private - NON AC,8918095181,9679754069,Medinipur,Khatra
SULOCHONA,WB67C1990,SULOCHONA - L,,,,,,,Private - NON AC,,,Lalpur,Durgapur (Station)
TUFAN,WB673259,TUFAN - K,,,,,,,Private - NON AC,,,Kamarpukur,Khatra
SWEETY,WB39B2435,SWEETY - D,,,,,,,Private - NON AC,,,Durgapur (Station),Jhargram
CYCLONE,WB33C8185,CYCLONE - R,,,,,,,Private - NON AC,,,Ramgarh,Contai
RAMKRISHNA,WB33B3939,RAMKRISHNA - C,,,,,,,Private - NON AC,,,Contai,Jhargram
FIROZ,WB33C0638,FIROZ - T,,,,,,,Private - NON AC,,,Trilochanpur,Medinipur
FIROZ,WB33C0638,FIROZ - T,,,,,,,Private - NON AC,,,Trilochanpur,Jhargram
SWEETY,WB41J9888,SWEETY - N,,,,,,,Private - NON AC,,,Nabadwip,Asansol
NILKANTHA,WB29A3009,NILKANTHA - C,,,,,,,Private - NON AC,9635623321,8670234284,Chaitanyapur,Digha
JAI MAA DURGA,WB55B2323,JAI MAA DURGA - B,,,,,,,Private - NON AC,7583939647,,Bandwan,Kolkata (Esplaned)
PRIYAJIT,WB15C4942,PRIYAJIT - R,,,,,,,Private - NON AC,9434414594,,Ramjibanpur,Howrah
SBSTC,B,SBSTC - B,,,,,,,Government - NON AC,,,Bardhaman,Karimpur
KRISHNACHURA,WB11C5875,KRISHNACHURA - G,,,,,,,Private - NON AC,,,Goaltore,Medinipur
KRISHNACHURA,WB11C5875,KRISHNACHURA - G,,,,,,,Private - NON AC,,,Goaltore,Medinipur
AVINANDAN,WB33A3711,AVINANDAN - L,,,,,,,Private - NON AC,8972245210,,Lalgarh,Tarkeshwar
GANGARAM,WB339069,GANGARAM - M,,,,,,,Private - NON AC,,,Medinipur,Digha
LAXMI JANARDAN,WB33E1199,LAXMI JANARDAN - T,,,,,,,Private - NON AC,9932276722,9002716157,Trilochanpur,Bandwan
MAA BARGABHIMA,WB67C1592,MAA BARGABHIMA - B,,,,,RAJA BABU,,Private - NON AC,7384378304,9434313755,Bankura,Barakar
JOY JISHU,WB51C7231,JOY JISHU - B,,,,,,Tanveer Line,Private - NON AC,9382309727,,Bardhaman,Manbazar
GOLDEN,WB33A6521,GOLDEN - P,,,,,,,Private - NON AC,,,Panskura,Tarkeshwar
PRATIKSHA,WB41G0104,PRATIKSHA - B,,,,,,,Private - NON AC,8637821982,,Bardhaman,Manbazar
SHAKAMBARI,WB29B8889,SHAKAMBARI - J,,,,,,,Private - NON AC,,,Jhargram,Haldia
LAL PARUL,WB67B9980,LAL PARUL - B,,,,,,,Private - NON AC,9775780205,,Bardhaman,Manbazar
LAL PARUL,WB67C0498,LAL PARUL - B,,,,,,,Private - NON AC,,,Bankura,Medinipur
AVINANDAN,WB33F1527,AVINANDAN - C,,,,,MAA SANAKA,,Private - NON AC,9732789517,,Chandrakona Road,Howrah
MAYER DAN,WB29B4110,MAYER DAN - K,,,,,,,Private - NON AC,,,Kantakhali,Haldia
HITLAR,WB316982,HITLAR - D,,,,,RUMPA,,Private - NON AC,9932655447,,Digha,Medinipur
SOUMEN,WB29B5781,SOUMEN - B,,,,,,,Private - NON AC,7718425521,,Baidyanathpur,Raniganj
MONIKA,WB679660,MONIKA - R,,,,,,,Private - NON AC,,,Ramharipur,Purulia
CHARUBALA,WB673151,CHARUBALA - G,,,,,,,Private - NON AC,,,Gopalpur,Bankura
CHARUBALA,WB673151,CHARUBALA - G,,,,,,,Private - NON AC,,,Gopalpur,Bankura
RAVI,WB41H5161,RAVI - K,,,,,,,Private - NON AC,,,Krishnanagar,Asansol
ISHAN,WB67C1858,ISHAN - D,,,,,,,Private - NON AC,,,Durgapur (Station),Manbazar
TAMRALIPTA EXPRESS,WB319959,TAMRALIPTA EXPRESS - B,,,,,,,Private - NON AC,8145112048,,Bishnupur,Asansol
JOY BABA KHETRAPAL,WB25C2394,JOY BABA KHETRAPAL - A,,,,,,JOY BABA KHETRAPAL TRAVELS,Private - NON AC,,,Amlasuli,Medinipur
BABUSONA,WB41G8198,BABUSONA - B,,,,,,,Private - NON AC,9434546827,9734313877,Bardhaman,Manbazar
GOPINATH,WB51B3307,GOPINATH - K,,,,,,,Private - NON AC,8001527124,,Krishnanagar,Asansol
JOY GORAM,WB55A8004,JOY GORAM - P,,,,,,RIO TRAVELS,Private - NON AC,,,Purulia,Medinipur
SHIVSHAKTI,WB31A3464,SHIVSHAKTI - M,,,,,,,Private - NON AC,7384312866,,Mirzapur,Kolkata (Esplaned)
BULU,WB33F0690,BULU - H,,,,,,,Private - NON AC,,,Haldia,Jhargram
SUPER CITIZEN,WB33C7295,SUPER CITIZEN - L,,,,,,,Private - NON AC,8972445959,9775789031,Lakshmisagar,Kolkata (Esplaned)
SHIVAM,WB41C5918,SHIVAM - K,,,,,,,Private - NON AC,,,Khatra,Arambagh
SAHANA,WB55B7229,SAHANA - S,,,,,,,Private - NON AC,,,Simlapal,Purulia
SHIVSHAKTI,WB29B2132,SHIVSHAKTI - S,,,,,,,Private - NON AC,7384312866,,Solpatta,Howrah
TARA MAA,WB33C0696,TARA MAA - B,,,,,,,Private - NON AC,6295888237,9732322657,Binpur,Arambagh
SBSTC,A,SBSTC - A,,,,,,,Government - NON AC,,,Asansol,Digha
MAA KOKONDESHWARI,WB33A9973,MAA KOKONDESHWARI - K,,,,,,,Private - NON AC,,,Kamarpukur,Durgachak
RINKU DIDI,WB55A4652,RINKU DIDI - B,,,,,,,Private - NON AC,,,Bandwan,Bankura
AZAD HIND,WB675445,AZAD HIND - D,,,,,,,Private - NON AC,9647349545,9475356049,Durgapur (Station),Kashipur
PALLY DUTH,WB41K2522,PALLY DUTH - R,,,,,,,Private - NON AC,9332688127,,Rasulpur,Karunamoyee
MAA TULSI,WB67B8988,MAA TULSI - J,,,,,,,Private - NON AC,7477899144,,Jamtoria,Tarkeshwar
JOY MAA TARA,WB41B8613,JOY MAA TARA - J,,,,,,,Private - NON AC,9679031642,,Jamtoria,Bankura
MAA VAISHNODEVI,WB37D3018,MAA VAISHNODEVI - C,,,,,,,Private - NON AC,,,Chittaranjan,Khatra
MAA KAMAKHYA,WB678911,MAA KAMAKHYA - K,,,,,,,Private - NON AC,,,Kamarpukur,Saltora
SBSTC,D,SBSTC - D,,,,,,South Bengal State Transport Corporation,Government - NON AC,7699993948,,Durgapur (City Center),Tatanagar
BADSHA,WB490036,BADSHA - J,,,,,,,Private - NON AC,7076622290,,Jhargram,Manbazar
ANINDITA,WB29A3632,ANINDITA - C,,,,,,,Private - NON AC,7001362224,,Contai,Medinipur
SUNRISE,WB67A8356,SUNRISE - B,,,,,,,Private - NON AC,,,Bankura,Medinipur
SATELLITE,WB67B1577,SATELLITE - S,,,,,,,Private - NON AC,7364969469,,Sarenga,Asansol
DURANTA EXPRESS,WB33D0149,DURANTA EXPRESS - R,,,,,,,Private - NON AC,,,Raipur,Contai
SUTRISHNA,WB33F1639,SUTRISHNA - M,,,,,,,Private - NON AC,8653780506,,Mecheda,Medinipur
JOY MAA,WB15C0610,JOY MAA - B,,,,,,,Private - NON AC,,,Bankura,Durgapur (Station)
JOY MAA,WB15C0610,JOY MAA - B,,,,,,,Private - NON AC,,,Bankura,Purulia
DISHA,WB29C4422,DISHA - H,,,,,,,Private - NON AC,,,Haldia,Medinipur
NILACHAL,WB33A6078,NILACHAL - C,,,,,,,Private - NON AC,,,Contai,Medinipur
MARICHIKA,WB33D4243,MARICHIKA - C,,,,,,,Private - NON AC,,,Contai,Raipur
SARADIA,WB29A9128,SARADIA - H,,,,,,,Private - NON AC,9932736308,,Haldia,Belpahari
MAYER ASISH,WB33E3148,MAYER ASISH - C,,,,,,RAHI TRAVELS,Private - NON AC,,,Chandrakona Road,Bandwan
LAXMI NARAYAN,WB49N1977,LAXMI NARAYAN - C,,,,,,,Private - NON AC,,,Chandrakona Town,Howrah
MAA BAGALA,WB33A5329,MAA BAGALA - C,,,,,,,Private - NON AC,,,Contai,Fulkusma
TARAKNATH,WB15D7062,TARAKNATH - T,,,,,,MANOKA TRAVELS,Private - NON AC,7602907627,,Tarkeshwar,Mecheda
DURANTA EXPRESS,WB33D3716,DURANTA EXPRESS - A,,,,,,,Private - NON AC,,,Amlasuli,Contai
KRISHNA GOPAL,WB,KRISHNA GOPAL - S,,,,,,,Private - NON AC,,,Silda,Tarkeshwar
S.S. TRAVELS,WB33E4717,TRAVELS - M,,,,,,,Private - NON AC,,,Medinipur,Ghatal
S.S. TRAVELS,WB33E4717,TRAVELS - M,,,,,,,Private - NON AC,,,Medinipur,Ghatal
PARAMITA,WB11B6660,PARAMITA - M,,,,,,,Private - NON AC,,,Medinipur,Haldia
AVISHEK,WB37D1825,AVISHEK - B,,,,,,,Private - NON AC,,,Benachity,Krishnanagar
SUPRIYA,WB29B9835,SUPRIYA - H,,,,,,,Private - NON AC,8535876465,7407979846,Haldia,Durgapur (City Center)
BABA LOKENATH,WB674422,BABA LOKENATH - D,,,,,,,Private - NON AC,,,Durgapur (Station),Lalgarh
ANINDITA,WB29B2249,ANINDITA - C,,,,,,,Private - NON AC,,,Contai,Medinipur
BABA LOKENATH,WB29B0646,BABA LOKENATH - B,,,,,,,Private - NON AC,,,Binpur,Medinipur
BABA LOKENATH,WB29B0646,BABA LOKENATH - B,,,,,,,Private - NON AC,,,Binpur,Medinipur
SANGHAMITRA,WB29B7899,SANGHAMITRA - H,,,,,,,Private - NON AC,,,Haldia,Hoomgarh
MAA SHARADA,WB41H3747,MAA SHARADA - B,,,,,,,Private - NON AC,9123336041,,Bardhaman,Hoomgarh
NILACHAL,WB29C3350,NILACHAL - H,,,,,,,Private - NON AC,7557816283,9614487821,Haldia,Lalgarh
DAS TRAVELS,WB33C1175,DAS TRAVELS - D,,,,,,,Private - NON AC,9734386062,,Deulihat,Medinipur
NILKANTHA,WB33C6656,NILKANTHA - T,,,,,,,Private - NON AC,9933985535,9932485338,Tarkeshwar,Kharagpur
DURANTO,WB51C6819,DURANTO - K,,,,,,,Private - NON AC,,,Krishnanagar,Karimpur
KRISHNA SUDAMA,WB33A5221,KRISHNA SUDAMA - G,,,,,,,Private - NON AC,,,Garhbeta,Ghatal
KRISHNA SUDAMA,WB33A5221,KRISHNA SUDAMA - G,,,,,,,Private - NON AC,,,Garhbeta,Ghatal
PARTHA SARATHI,WB33E4696,PARTHA SARATHI - F,,,,,,,Private - NON AC,9733594174,8637042580,Fulkusma,Tarkeshwar
MDG,WB17N4117,MDG - B,,,,,,,Private - NON AC,7679883718,9093202629,Bishnupur,Kolkata (Esplaned)
JOY GURU,WB33A3838,JOY GURU - C,,,,,,,Private - NON AC,,,Chandrakona Town,Panskura
JOY GURU,WB33A3838,JOY GURU - C,,,,,,,Private - NON AC,,,Chandrakona Town,Panskura
PURUSHOTTAM,WB33F2139,PURUSHOTTAM - P,,,,,VANDE PURUSHOTTAM,,Private - NON AC,8293917337,,Panskura,Bankura
BLACK PANTHER,WB33B8343,BLACK PANTHER - C,,,,,,,Private - NON AC,,,Chandrakona Road,Jhargram
ANNAPURNA,WB55A2658,ANNAPURNA - P,,,,,,,Private - NON AC,,,Purulia,Medinipur
GRAM BANGLA,WB49N0837,GRAM BANGLA - S,,,,,,,Private - NON AC,8250063871,8076594724,Santasram,Benachity
DAKSHAYANI,WB33F2768,DAKSHAYANI - M,,,,,,,Private - AC,8653036165,7699441573,Medinipur,Digha
SRIJITA,WB535712,SRIJITA - S,,,,,DADA BHAI,DADA BHAI TRAVELS,Private - NON AC,9015787124,,Suri,Bardhaman
MAYABATI,WB17N3896,MAYABATI - B,,,,,,,Private - NON AC,9933629912,9732014708,Badanganj,Kolkata (Esplaned)
CHARUBALA,WB67A6652,CHARUBALA - B,,,,,,,Private - NON AC,,,Belut,Silda
DURGA,WB17N2838,DURGA - B,,,,,,,Private - NON AC,8436340440,9933197859,Badanganj,Kolkata
NOOR TRAVELS,WB15D5736,NOOR TRAVELS - K,,,,,,,Private - NON AC,,,Kolkata,Bishnupur
ANINDYA BRISTI,WB23D0661,ANINDYA BRISTI - B,,,,,,,Private - NON AC,8372010518,,Bishnupur,Kolkata
AKASH BRISTI,WB15A8046,AKASH BRISTI - T,,,,,,,Private - NON AC,,,Tarkeshwar,Tamluk
DEBRAJ,WB67C1759,DEBRAJ - A,,,,,,,Private - NON AC,7679678565,,Amlasuli,Bankura
DEBRAJ,WB67C1759,DEBRAJ - A,,,,,,,Private - NON AC,7679678565,,Amlasuli,Bankura
KALPANA,WB33C8103,KALPANA - J,,,,,,KALPANA TRAVELS,Private - NON AC,,,Jayrambati,Bankura
PROMILA,WB53C1375,PROMILA - B,,,,,,,Private - NON AC,,,Bolpur,Bankura
BED MATA,WB33C3399,BED MATA - B,,,,,,,Private - NON AC,7586965635,,Bajkul,Medinipur
MASTI,WB41H8966,MASTI - B,,,,,,,Private - NON AC,8436277016,,Benachity,Kotulpur
SWEETY,WB37E4545,SWEETY - N,,,,,,,Private - NON AC,,,Nabadwip,Bankura
PUTUL,WB67B4993,PUTUL - J,,,,,,,Private - NON AC,7501519566,8101433179,Jamtoria,Kolkata (Esplaned)
MAA MANASA DEBI,WB55B7174,MAA MANASA DEBI - B,,,,,,,Private - NON AC,,,Balarampur,Bankura
PRIYANKA,WB17N4048,PRIYANKA - C,,,,,BHABA GOBINDA,,Private - NON AC,9733557652,,Chuchura,Bankura
BANDANA,WB17N2884,BANDANA - B,,,,,,,Private - NON AC,6290894136,9525128895,Bankura,Chuchura
ARMAN,WB33D4137,ARMAN - P,,,,,,,Private - NON AC,9733647390,9647043891,Purulia,Digha
MAA TARA,WB33F2745,MAA TARA - M,,,,,,MAA TARA TRAVELS,Private - NON AC,8250206920,9434146010,Medinipur,Kalyani
TITHY,WB67A7337,TITHY - P,,,,,,,Private - NON AC,,,Patrasayer,Khatra
KRISHNA GOPAL,WB496696,KRISHNA GOPAL - F,,,,,,,Private - NON AC,9733594174,8637042580,Fulkusma,Tarkeshwar
PRIYANKA,WB15C1722,PRIYANKA - T,,,,,,,Private - NON AC,,,Tarkeshwar,Bankura
DULHAN,WB41K1492,DULHAN - B,,,,,,,Private - NON AC,9635581591,,Bankura,Nabadwip
RADHARANI,WB33A8173,RADHARANI - G,,,,,,,Private - NON AC,,,Ghatal,Medinipur
RADHARANI,WB33A8173,RADHARANI - G,,,,,,,Private - NON AC,,,Ghatal,Medinipur
PUTUL,WB67B1995,PUTUL - R,,,,,,,Private - NON AC,,,Rudra,Chittaranjan
JINIA,WB39C2536,JINIA - D,,,,,,,Private - NON AC,9474881832,,Durgapur (City Center),Digha
SANGEETA,WB67C1590,SANGEETA - B,,,,,,,Private - NON AC,7001807715,,Barabazar,Durgapur (Station)
TAMRALIPTA EXPRESS,WB31A7576,TAMRALIPTA EXPRESS - B,,,,,,,Private - NON AC,8371997023,,Bishnupur,Contai
SAMRAT,WB41E1212,SAMRAT - B,,,,,,,Private - NON AC,,,Benachity,Tarkeshwar
MARUTI,WB55B7116,MARUTI - B,,,,,,,Private - NON AC,,,Bishnupur,Purulia
ARANYAK,WB494375,ARANYAK - R,,,,,RINA,RINA TRAVELS,Private - AC,8972534495,9800042956,Raipur,Kolkata (Esplaned)
PAMELA,WB37D1358,PAMELA - C,,,,,,,Private - NON AC,,,Chittaranjan,Bankura
BANGA BHUMI,WB29C3063,BANGA BHUMI - J,,,,,JAI JAGANNATH,,Private - NON AC,7001390087,9777658922,Jaleswar,Medinipur
ANIKET,WB41G0280,ANIKET - B,,,,,,,Private - NON AC,,,Barakar,Arambagh
SARBOJOYA,WB67B1067,SARBOJOYA - D,,,,,,,Private - NON AC,,,Durgapur (Station),Sarenga
ANIKET,WB41H1000,ANIKET - K,,,,,,DEBIBALA TRAVELS,Private - NON AC,7718507373,,Kalna,Asansol
TRIBENI,WB33D3770,TRIBENI - M,,,,,,,Private - NON AC,,,Manbazar,Kharagpur
ATITHI,WB67C1767,ATITHI - K,,,,,DEVI DURGA,,Private - NON AC,7319522768,9932044263,Kharagpur,Manbazar
MITRA,WB31A7496,MITRA - C,,,,,,,Private - NON AC,8207284576,,Contai,Raipur
JOY BABA KHETRAPAL,WB33B0191,JOY BABA KHETRAPAL - P,,,,,MAA CHAITASINI,JOY BABA KHETRAPAL TRAVELS,Private - NON AC,9735238483,,Patharpara,Medinipur
JOY BABA KHETRAPAL,WB33A8549,JOY BABA KHETRAPAL - K,,,,,,JOY BABA KHETRAPAL TRAVELS,Private - NON AC,,,Kharkushma,Sarenga
JOY BABA KHETRAPAL,WB33A8549,JOY BABA KHETRAPAL - K,,,,,,JOY BABA KHETRAPAL TRAVELS,Private - NON AC,,,Kharkushma,Sarenga
SBSTC,B,SBSTC - B,,,,,,,Government - NON AC,7699993928,7699993948,Bankura,Chittaranjan
SANY,WB29B9748,SANY - E,,,,,,,Private - NON AC,7479149292,9593221228,Egra,Karunamoyee
MITRA,WB314783,MITRA - A,,,,,,,Private - NON AC,7501638934,9732008069,Asansol,Digha
JOY BABA KHETRAPAL,WB33D3996,JOY BABA KHETRAPAL - A,,,,,,JOY BABA KHETRAPAL TRAVELS,Private - NON AC,7319063236,9641529438,Amlasuli,Bankura
JOY BABA KHETRAPAL,WB33D3996,JOY BABA KHETRAPAL - A,,,,,,JOY BABA KHETRAPAL TRAVELS,Private - NON AC,7319063236,9641529438,Amlasuli,Bankura
RAIDUL,WB33F2282,RAIDUL - M,,,,,,,Private - NON AC,9609484066,,Moyna,Bishnupur
NEWTON,WB33A4292,NEWTON - G,,,,,,,Private - NON AC,,,Ghatal,Jhargram
SUBHADEEP,WB679788,SUBHADEEP - M,,,,,RADHA DAMODAR,,Private - NON AC,9932478359,9933556371,Manbazar,Bankura
MADHURI,WB67A5967,MADHURI - K,,,,,,,Private - NON AC,,,Kharagpur,Manbazar
RAJPATH,WB67B8736,RAJPATH - K,,,,,,,Private - NON AC,9732349476,,Khatra,Tarkeshwar
AVINANDAN,WB33D3494,AVINANDAN - C,,,,,MAA SANAKA,AVINANDAN TRAVELS,Private - NON AC,9547150512,,Chandrakona Road,Howrah
PUTUL,WB67C1646,PUTUL - S,,,,,,,Private - NON AC,8250556625,,Sindurpeti,Asansol
MAA ANANDAMOYEE,WB33D9706,MAA ANANDAMOYEE - K,,,,,,,Private - NON AC,,,Kantakhali,Amlasuli
RAHUL,WB870426,RAHUL - B,,,,,,,Private - NON AC,8167633099,,Bishnupur,Kolkata
APARAJITA,WB29B6266,APARAJITA - B,,,,,,,Private - NON AC,,,Baharagora,Haldia
MAA DURGA,WB673278,MAA DURGA - B,,,,,,,Private - NON AC,,,Bankura,Manbazar
LAL PARUL,WB67B1994,LAL PARUL - B,,,,,,,Private - NON AC,,,Bankura,Barabazar
BIBEK,WB67B1534,BIBEK - R,,,,,,,Private - NON AC,9932137651,,Ranibandh,Asansol
NATIONAL,WB37D3223,NATIONAL - B,,,,,,,Private - NON AC,,,Barakar,Magra
MANUMUN,WB33A9672,MANUMUN - B,,,,,,,Private - NON AC,,,Bishnupur,Arambagh
DARSHAN,WB676226,DARSHAN - H,,,,,,,Private - NON AC,7501657372,,Haldia,Bankura
MAA BAGALA,WB33D5786,MAA BAGALA - R,,,,,,,Private - NON AC,7047784577,8001117969,Raipur,Howrah
MAA VAISHNODEVI,WB29A0933,MAA VAISHNODEVI - B,,,,,,,Private - NON AC,,,Banspahari,Medinipur
MADANMOHAN,WB67B4671,MADANMOHAN - D,,,,,,,Private - NON AC,,,Durgapur (Station),Bandwan
AISHINI,WB55B6699,AISHINI - B,,,,,,,Private - NON AC,9564328997,7044327673,Bandwan,Tarkeshwar
BHAGYALAXMI,WB55B7227,BHAGYALAXMI - B,,,,,,,Private - NON AC,,,Barabazar,Bankura
MUNNA COACH,WB554835,MUNNA COACH - B,,,,,DEBI KAMAKHYA,,Private - NON AC,,,Bandwan,Bankura
CITY LINK,WB29A2716,CITY LINK - R,,,,,MAA KIRANBALA,,Private - NON AC,7584941717,9775462029,Raipur,Digha
NATIONAL,WB556188,NATIONAL - P,,,,,KGN,,Private - NON AC,,,Purulia,Simlapal
SOURIK,WB33F2550,SOURIK - N,,,,,,,Private - NON AC,8145005042,7904154407,Nandakumar,Medinipur
MAFUZAR,WB37D6341,MAFUZAR - M,,,,,,ISRAIL TRAVELS,Private - NON AC,8944837277,,Mougram,Asansol
NIGAMDUT,WB33F2449,NIGAMDUT - B,,,,,SUDHAMOYEE,,Private - NON AC,9932820860,9932766287,Belpahari,Tarkeshwar
PEKHAM,WB33B9857,PEKHAM - K,,,,,ALPANA,,Private - NON AC,9064483384,8116963788,Khatra,Contai
JINIA,WB39D0748,JINIA - A,,,,,,,Private - NON AC,9474881832,8637850254,Asansol,Digha
ANINDITA,WB318580,ANINDITA - C,,,,,PATHAN,,Private - NON AC,,,Contai,Medinipur
RAJMAHAL,WB55B6574,RAJMAHAL - D,,,,,,,Private - NON AC,6295887211,9563928724,Durgapur (City Center),Jhargram
SHIV SHAKTI,WB67B9011,SHIV SHAKTI - B,,,,,,,Private - NON AC,9932905653,9475272098,Bishnupur,Tatanagar
BENGAL TIGER,WB67C1133,BENGAL TIGER - B,,,,,,,Private - NON AC,8371899912,9434184415,Bishnupur,Asansol
TAMRALIPTA EXPRESS,WB29B9829,TAMRALIPTA EXPRESS - B,,,,,,,Private - NON AC,7362995756,8370913197,Bishnupur,Contai
RADHA GOBINDA,WB67A4996,RADHA GOBINDA - B,,,,,,,Private - NON AC,,,Bankura,Tarkeshwar
KRISHNA GOPAL,WB41D8684,KRISHNA GOPAL - B,,,,,,,Private - NON AC,,,Bardhaman,Bankura
MAHAMAYA,WB55A6177,MAHAMAYA - J,,,,,,,Private - NON AC,,,Jorda,Purulia
MAHAMAYA,WB55A6177,MAHAMAYA - J,,,,,,,Private - NON AC,,,Jorda,Purulia
WASIF,WB39B0782,WASIF - D,,,,,,,Private - NON AC,,,Durgapur (Station),Purulia
JOY BABA SANNYASI,WB676140,JOY BABA SANNYASI - B,,,,,,,Private - NON AC,,,Bankura,Jhargram
DEBI LAXMI,WB41J5178,DEBI LAXMI - B,,,,,,,Private - NON AC,,,Bandwan,Bardhaman
ANKUSH,WB49N2212,ANKUSH - A,,,,,MAA BANKABURI,CHANGDAR TRAVELS,Private - NON AC,8768368295,8906314872,Amlasuli,Howrah
SHIV DURGA,WB37E5686,SHIV DURGA - D,,,,,,,Private - NON AC,7001861471,,Dumka,Asansol
ASHA,WB41K3294,ASHA - B,,,,,,,Private - NON AC,7029262612,,Barakar,Krishnanagar
LAL KAMAL,WB29C1146,LAL KAMAL - H,,,,,RUDRAKSHA,,Private - NON AC,8116394843,9832232408,Hura,Kharagpur
SHIBANI INTERNATIONAL,WB29B7413,SHIBANI INTERNATIONAL - H,,,,,,,Private - NON AC,7585834189,,Howrah,Chandrakona Road
KUHELIKA,WB41G5115,KUHELIKA - B,,,,,,KUHELIKA PARIBAHAN,Private - NON AC,,,Birhata,Kharagpur
PEKHAM,WB33D3955,PEKHAM - J,,,,,ALPANA,,Private - NON AC,8116963788,8597564164,Jhilimili,Digha
NILACHAL,WB11C3680,NILACHAL - D,,,,,,,Private - NON AC,,,Durgapur (Station),Purulia
SIXER,WB55B7112,SIXER - D,,,,,,,Private - NON AC,9547128773,9732230393,Durgapur (Station),Tatanagar
MAJHI BABA,WB33B1863,MAJHI BABA - S,,,,,,,Private - NON AC,,,Sarenga,Medinipur
MAJHI BABA,WB33B1863,MAJHI BABA - S,,,,,,,Private - NON AC,,,Sarenga,Medinipur
SBSTC,J,SBSTC - J,,,,,,,Government - NON AC,,,Jhargram,Durgapur (Station)
KANDARI,WB41F9293,KANDARI - B,,,,,,,Private - NON AC,,,Bardhaman,Baharampur
SBSTC,WB39B4712,SBSTC - P,,,,,Jhumur Express,South Bengal State Transport Corporation,Government - NON AC,7699993928,7699993952,Purulia,Kolkata (Esplaned)
LAXMI PRIYA,WB33A2338,LAXMI PRIYA - B,,,,,,,Private - NON AC,,,Bishnupur,Medinipur
ASHIRVAD,WB41K1521,ASHIRVAD - K,,,,,AYESHA,,Private - NON AC,9564308078,,Kotulpur,Nabadwip
ISHIKA,WB41K2500,ISHIKA - C,,,,,,,Private - AC,7699995927,9749437344,Chittaranjan,Digha
SWEETY,WB19F8865,SWEETY - K,,,,,,,Private - NON AC,7047289189,,Krishnanagar,Benachity
MAA LAXMI,WB67A5683,MAA LAXMI - M,,,,,,,Private - NON AC,,,Madanmohanpur,Asansol
NARAYANI,WB55,NARAYANI - B,,,,,,,Private - NON AC,,,Bishnupur,Purulia
JOY BABA KHETRAPAL,WB33C8448,JOY BABA KHETRAPAL - P,,,,,,JOY BABA KHETRAPAL TRAVELS,Private - NON AC,6294427149,,Patharpara,Durgapur (Station)
KALI SHANKAR,WB55B5711,KALI SHANKAR - R,,,,,,,Private - NON AC,9046113191,,Ranchi,Tatanagar
MAINAK,WB519592,MAINAK - K,,,,,BEAUTY,,Private - NON AC,9434231156,,Krishnanagar,Bolpur
